task,class,gene_symbol,selected_folds,positive_fraction,median_coefficient,median_absolute_coefficient,selection_frequency,sign_consistency,selected_for_final_signature
task_a_three_class,healthy,ENC1,10,0.0,-0.7142534255981445,0.7142534255981445,1.0,1.0,True
task_a_three_class,adjacent_normal,OTOP2,10,1.0,0.3315252959728241,0.3315252959728241,1.0,1.0,True
task_a_three_class,adjacent_normal,CA7,10,1.0,0.323306679725647,0.323306679725647,1.0,1.0,True
task_a_three_class,healthy,MTHFD1L,10,0.0,-0.27821871638298035,0.27821871638298035,1.0,1.0,True
task_a_three_class,adjacent_normal,ASCL2,10,0.0,-0.2588196769356727,0.2588196769356727,1.0,1.0,True
task_a_three_class,adjacent_normal,GTF2IRD1,10,0.0,-0.21580202877521515,0.21580202877521515,1.0,1.0,True
task_a_three_class,adjacent_normal,SLC4A4,10,1.0,0.20217711478471756,0.20217711478471756,1.0,1.0,True
task_a_three_class,healthy,GRAMD3,10,1.0,0.20163388550281525,0.20163388550281525,1.0,1.0,True
task_a_three_class,tumor,TMEM206,10,1.0,0.17947655171155924,0.17947655171155924,1.0,1.0,True
task_a_three_class,tumor,KIAA1199,10,1.0,0.17679744958877558,0.17679744958877558,1.0,1.0,True
task_a_three_class,tumor,FOXQ1,10,1.0,0.1218207366764545,0.1218207366764545,1.0,1.0,True
task_a_three_class,tumor,CLDN1,10,1.0,0.09755104407668111,0.09755104407668111,1.0,1.0,True
task_a_three_class,tumor,OTOP2,10,0.0,-0.0683110915124416,0.0683110915124416,1.0,1.0,True
task_a_three_class,tumor,AQP8,10,0.0,-0.03603992424905295,0.03603992424905295,1.0,1.0,True
task_a_three_class,healthy,RDH5,9,1.0,0.3270215988159179,0.3270215988159179,0.9,1.0,True
task_a_three_class,adjacent_normal,ETV4,9,0.0,-0.2350686639547348,0.2350686639547348,0.9,1.0,True
task_a_three_class,adjacent_normal,TMEM206,9,0.0,-0.2077027559280395,0.2077027559280395,0.9,1.0,True
task_a_three_class,healthy,HPGD,9,1.0,0.182493507862091,0.182493507862091,0.9,1.0,True
task_a_three_class,healthy,ABCG2,9,1.0,0.1736866682767868,0.1736866682767868,0.9,1.0,True
task_a_three_class,tumor,GTF2IRD1,9,1.0,0.0858069956302642,0.0858069956302642,0.9,1.0,True
task_a_three_class,tumor,ETV4,9,1.0,0.0853785574436187,0.0853785574436187,0.9,1.0,True
task_a_three_class,tumor,GUCA2A,9,0.0,-0.0767011493444442,0.0767011493444442,0.9,1.0,True
task_a_three_class,tumor,CA7,9,0.0,-0.0537819191813468,0.0537819191813468,0.9,1.0,True
task_a_three_class,tumor,HIGD1A,9,0.0,-0.0431414768099784,0.0431414768099784,0.9,1.0,True
task_a_three_class,tumor,GUCA2B,9,0.0,-0.0347443521022796,0.0347443521022796,0.9,1.0,True
task_a_three_class,tumor,TSPAN7,9,0.0,-0.0319289900362491,0.0319289900362491,0.9,1.0,True
task_a_three_class,adjacent_normal,ENC1,8,1.0,0.31300580501556396,0.31300580501556396,0.8,1.0,True
task_a_three_class,adjacent_normal,NONO,8,0.0,-0.24864782392978665,0.24864782392978665,0.8,1.0,True
task_a_three_class,healthy,TGIF2,8,0.0,-0.22605849802494044,0.22605849802494044,0.8,1.0,True
task_a_three_class,adjacent_normal,FOXQ1,8,0.0,-0.1828324794769287,0.1828324794769287,0.8,1.0,True
task_a_three_class,healthy,UGP2,8,1.0,0.14942728728055948,0.14942728728055948,0.8,1.0,True
task_a_three_class,tumor,ENC1,8,1.0,0.1194824948906898,0.1194824948906898,0.8,1.0,True
task_a_three_class,healthy,PLCD1,8,1.0,0.10479107126593586,0.10479107126593586,0.8,1.0,True
task_a_three_class,healthy,HIGD1A,8,1.0,0.07509139552712435,0.07509139552712435,0.8,1.0,True
task_a_three_class,tumor,TGIF2,8,1.0,0.07174241915345185,0.07174241915345185,0.8,1.0,True
task_a_three_class,tumor,ABCG2,8,0.0,-0.0699072405695915,0.0699072405695915,0.8,1.0,True
task_a_three_class,tumor,CDH3,8,1.0,0.06933173537254331,0.06933173537254331,0.8,1.0,True
task_a_three_class,tumor,GRAMD3,8,0.0,-0.05621511116623875,0.05621511116623875,0.8,1.0,True
task_a_three_class,tumor,PPM1H,8,1.0,0.054054249078035355,0.054054249078035355,0.8,1.0,True
task_a_three_class,tumor,MTHFD1L,8,1.0,0.043344646692275945,0.043344646692275945,0.8,1.0,True
task_a_three_class,tumor,HPGD,8,0.0,-0.04095159843564025,0.04095159843564025,0.8,1.0,True
task_a_three_class,tumor,UGP2,8,0.0,-0.04067399166524405,0.04067399166524405,0.8,1.0,True
task_a_three_class,tumor,C2orf88,8,0.0,-0.021375597454607452,0.021375597454607452,0.8,1.0,True
task_a_three_class,healthy,FAM82A1,7,1.0,0.5876637697219849,0.5876637697219849,0.7,1.0,True
task_a_three_class,adjacent_normal,CDH3,7,0.0,-0.161557137966156,0.161557137966156,0.7,1.0,True
task_a_three_class,adjacent_normal,BEST4,7,1.0,0.1382642537355423,0.1382642537355423,0.7,1.0,True
task_a_three_class,adjacent_normal,NKRF,7,0.0,-0.1039734929800033,0.1039734929800033,0.7,1.0,True
task_a_three_class,tumor,OSTBETA,7,0.0,-0.0708315968513488,0.0708315968513488,0.7,1.0,True
task_a_three_class,healthy,C2orf88,7,1.0,0.051263827830553,0.051263827830553,0.7,1.0,True
task_a_three_class,tumor,BEST4,7,0.0,-0.0468725077807903,0.0468725077807903,0.7,1.0,True
task_a_three_class,tumor,XPOT,7,1.0,0.0367857627570629,0.0367857627570629,0.7,1.0,True
task_a_three_class,tumor,SLC4A4,7,0.0,-0.028081577271223,0.028081577271223,0.7,1.0,True
task_b_field_effect,healthy,CLC,10,1.0,0.24601119756698603,0.24601119756698603,1.0,1.0,True
task_b_field_effect,healthy,VIP,10,0.0,-0.2222437188029289,0.2222437188029289,1.0,1.0,True
task_b_field_effect,healthy,FOS,10,0.0,-0.2015607878565788,0.2015607878565788,1.0,1.0,True
task_b_field_effect,healthy,CYR61,10,0.0,-0.1674978360533714,0.1674978360533714,1.0,1.0,True
task_b_field_effect,healthy,SFRP2,10,0.0,-0.16732504963874814,0.16732504963874814,1.0,1.0,True
task_b_field_effect,healthy,DYNC1H1,10,0.0,-0.14937625080347056,0.14937625080347056,1.0,1.0,True
task_b_field_effect,healthy,APOLD1,10,0.0,-0.11350840330123901,0.11350840330123901,1.0,1.0,True
task_b_field_effect,healthy,EGR1,10,0.0,-0.11105722934007639,0.11105722934007639,1.0,1.0,True
task_b_field_effect,healthy,C3orf38,10,1.0,0.07882276549935335,0.07882276549935335,1.0,1.0,True
task_b_field_effect,healthy,ADAMTS1,8,0.0,-0.055244928225874845,0.055244928225874845,0.8,1.0,True
task_b_field_effect,healthy,SNORA12,7,1.0,0.1454678773880005,0.1454678773880005,0.7,1.0,True
task_b_field_effect,healthy,CH25H,7,0.0,-0.0815747454762458,0.0815747454762458,0.7,1.0,True
task_c_tumor_vs_adjacent,tumor,FOXQ1,10,1.0,0.20268004387617106,0.20268004387617106,1.0,1.0,True
task_c_tumor_vs_adjacent,tumor,ETV4,10,1.0,0.1954495012760162,0.1954495012760162,1.0,1.0,True
task_c_tumor_vs_adjacent,tumor,KIAA1199,10,1.0,0.191620334982872,0.191620334982872,1.0,1.0,True
task_c_tumor_vs_adjacent,tumor,GTF2IRD1,10,1.0,0.1841208860278129,0.1841208860278129,1.0,1.0,True
task_c_tumor_vs_adjacent,tumor,CA7,10,0.0,-0.1593773812055587,0.1593773812055587,1.0,1.0,True
task_c_tumor_vs_adjacent,tumor,CDH3,10,1.0,0.15470795333385465,0.15470795333385465,1.0,1.0,True
task_c_tumor_vs_adjacent,tumor,OTOP2,10,0.0,-0.13509390130639076,0.13509390130639076,1.0,1.0,True
task_c_tumor_vs_adjacent,tumor,UGP2,10,0.0,-0.11159215122461316,0.11159215122461316,1.0,1.0,True
task_c_tumor_vs_adjacent,tumor,GUCA2B,10,0.0,-0.09332875907421105,0.09332875907421105,1.0,1.0,True
task_c_tumor_vs_adjacent,tumor,CLDN1,9,1.0,0.1775818169116974,0.1775818169116974,0.9,1.0,True
task_c_tumor_vs_adjacent,tumor,SLC4A4,9,0.0,-0.0712896585464477,0.0712896585464477,0.9,1.0,True
task_c_tumor_vs_adjacent,tumor,PPM1H,8,1.0,0.11709471791982645,0.11709471791982645,0.8,1.0,True
task_c_tumor_vs_adjacent,tumor,AQP8,8,0.0,-0.1018465273082256,0.1018465273082256,0.8,1.0,True
task_c_tumor_vs_adjacent,tumor,ABCG2,8,0.0,-0.09624442458152765,0.09624442458152765,0.8,1.0,True
task_c_tumor_vs_adjacent,tumor,TMIGD1,8,0.0,-0.07896461896598335,0.07896461896598335,0.8,1.0,True
task_c_tumor_vs_adjacent,tumor,GREM2,7,0.0,-0.1987293362617492,0.1987293362617492,0.7,1.0,True
task_c_tumor_vs_adjacent,tumor,TMEM206,7,1.0,0.1739030927419662,0.1739030927419662,0.7,1.0,True
task_c_tumor_vs_adjacent,tumor,TMEM100,7,0.0,-0.1282282024621963,0.1282282024621963,0.7,1.0,True
task_c_tumor_vs_adjacent,tumor,BEST4,7,0.0,-0.073272481560707,0.073272481560707,0.7,1.0,True
