"accession","geo_accession","flag_hm","flag_box","flag_ma","aqm_flag_count","aqm_flagged_any","flagged_criteria","criterion_definitions","exclusion_changed","exclusion_rule"
"GSE44076","GSM1077598",FALSE,FALSE,FALSE,0,FALSE,"","flag_hm=Distances between arrays;flag_box=Boxplots;flag_ma=MA plots",FALSE,"AQM flags are review signals; exclusion still requires at least two independent severe technical failures"
"GSE44076","GSM1077599",FALSE,FALSE,FALSE,0,FALSE,"","flag_hm=Distances between arrays;flag_box=Boxplots;flag_ma=MA plots",FALSE,"AQM flags are review signals; exclusion still requires at least two independent severe technical failures"
"GSE44076","GSM1077600",FALSE,TRUE,FALSE,1,TRUE,"flag_box","flag_hm=Distances between arrays;flag_box=Boxplots;flag_ma=MA plots",FALSE,"AQM flags are review signals; exclusion still requires at least two independent severe technical failures"
"GSE44076","GSM1077601",FALSE,FALSE,FALSE,0,FALSE,"","flag_hm=Distances between arrays;flag_box=Boxplots;flag_ma=MA plots",FALSE,"AQM flags are review signals; exclusion still requires at least two independent severe technical failures"
"GSE44076","GSM1077602",FALSE,FALSE,FALSE,0,FALSE,"","flag_hm=Distances between arrays;flag_box=Boxplots;flag_ma=MA plots",FALSE,"AQM flags are review signals; exclusion still requires at least two independent severe technical failures"
"GSE44076","GSM1077603",FALSE,FALSE,FALSE,0,FALSE,"","flag_hm=Distances between arrays;flag_box=Boxplots;flag_ma=MA plots",FALSE,"AQM flags are review signals; exclusion still requires at least two independent severe technical failures"
"GSE44076","GSM1077604",FALSE,TRUE,FALSE,1,TRUE,"flag_box","flag_hm=Distances between arrays;flag_box=Boxplots;flag_ma=MA plots",FALSE,"AQM flags are review signals; exclusion still requires at least two independent severe technical failures"
"GSE44076","GSM1077605",FALSE,FALSE,FALSE,0,FALSE,"","flag_hm=Distances between arrays;flag_box=Boxplots;flag_ma=MA plots",FALSE,"AQM flags are review signals; exclusion still requires at least two independent severe technical failures"
"GSE44076","GSM1077606",FALSE,FALSE,FALSE,0,FALSE,"","flag_hm=Distances between arrays;flag_box=Boxplots;flag_ma=MA plots",FALSE,"AQM flags are review signals; exclusion still requires at least two independent severe technical failures"
"GSE44076","GSM1077607",FALSE,FALSE,FALSE,0,FALSE,"","flag_hm=Distances between arrays;flag_box=Boxplots;flag_ma=MA plots",FALSE,"AQM flags are review signals; exclusion still requires at least two independent severe technical failures"
"GSE44076","GSM1077608",FALSE,FALSE,FALSE,0,FALSE,"","flag_hm=Distances between arrays;flag_box=Boxplots;flag_ma=MA plots",FALSE,"AQM flags are review signals; exclusion still requires at least two independent severe technical failures"
"GSE44076","GSM1077609",FALSE,FALSE,FALSE,0,FALSE,"","flag_hm=Distances between arrays;flag_box=Boxplots;flag_ma=MA plots",FALSE,"AQM flags are review signals; exclusion still requires at least two independent severe technical failures"
"GSE44076","GSM1077610",FALSE,FALSE,FALSE,0,FALSE,"","flag_hm=Distances between arrays;flag_box=Boxplots;flag_ma=MA plots",FALSE,"AQM flags are review signals; exclusion still requires at least two independent severe technical failures"
"GSE44076","GSM1077611",FALSE,FALSE,FALSE,0,FALSE,"","flag_hm=Distances between arrays;flag_box=Boxplots;flag_ma=MA plots",FALSE,"AQM flags are review signals; exclusion still requires at least two independent severe technical failures"
"GSE44076","GSM1077612",FALSE,FALSE,FALSE,0,FALSE,"","flag_hm=Distances between arrays;flag_box=Boxplots;flag_ma=MA plots",FALSE,"AQM flags are review signals; exclusion still requires at least two independent severe technical failures"
"GSE44076","GSM1077613",FALSE,FALSE,FALSE,0,FALSE,"","flag_hm=Distances between arrays;flag_box=Boxplots;flag_ma=MA plots",FALSE,"AQM flags are review signals; exclusion still requires at least two independent severe technical failures"
"GSE44076","GSM1077614",FALSE,FALSE,FALSE,0,FALSE,"","flag_hm=Distances between arrays;flag_box=Boxplots;flag_ma=MA plots",FALSE,"AQM flags are review signals; exclusion still requires at least two independent severe technical failures"
"GSE44076","GSM1077615",FALSE,FALSE,FALSE,0,FALSE,"","flag_hm=Distances between arrays;flag_box=Boxplots;flag_ma=MA plots",FALSE,"AQM flags are review signals; exclusion still requires at least two independent severe technical failures"
"GSE44076","GSM1077616",FALSE,FALSE,FALSE,0,FALSE,"","flag_hm=Distances between arrays;flag_box=Boxplots;flag_ma=MA plots",FALSE,"AQM flags are review signals; exclusion still requires at least two independent severe technical failures"
"GSE44076","GSM1077617",FALSE,FALSE,FALSE,0,FALSE,"","flag_hm=Distances between arrays;flag_box=Boxplots;flag_ma=MA plots",FALSE,"AQM flags are review signals; exclusion still requires at least two independent severe technical failures"
"GSE44076","GSM1077618",FALSE,FALSE,FALSE,0,FALSE,"","flag_hm=Distances between arrays;flag_box=Boxplots;flag_ma=MA plots",FALSE,"AQM flags are review signals; exclusion still requires at least two independent severe technical failures"
"GSE44076","GSM1077619",FALSE,FALSE,FALSE,0,FALSE,"","flag_hm=Distances between arrays;flag_box=Boxplots;flag_ma=MA plots",FALSE,"AQM flags are review signals; exclusion still requires at least two independent severe technical failures"
"GSE44076","GSM1077620",FALSE,FALSE,FALSE,0,FALSE,"","flag_hm=Distances between arrays;flag_box=Boxplots;flag_ma=MA plots",FALSE,"AQM flags are review signals; exclusion still requires at least two independent severe technical failures"
"GSE44076","GSM1077621",FALSE,FALSE,FALSE,0,FALSE,"","flag_hm=Distances between arrays;flag_box=Boxplots;flag_ma=MA plots",FALSE,"AQM flags are review signals; exclusion still requires at least two independent severe technical failures"
"GSE44076","GSM1077622",FALSE,FALSE,FALSE,0,FALSE,"","flag_hm=Distances between arrays;flag_box=Boxplots;flag_ma=MA plots",FALSE,"AQM flags are review signals; exclusion still requires at least two independent severe technical failures"
"GSE44076","GSM1077623",FALSE,FALSE,FALSE,0,FALSE,"","flag_hm=Distances between arrays;flag_box=Boxplots;flag_ma=MA plots",FALSE,"AQM flags are review signals; exclusion still requires at least two independent severe technical failures"
"GSE44076","GSM1077624",FALSE,FALSE,FALSE,0,FALSE,"","flag_hm=Distances between arrays;flag_box=Boxplots;flag_ma=MA plots",FALSE,"AQM flags are review signals; exclusion still requires at least two independent severe technical failures"
"GSE44076","GSM1077625",FALSE,FALSE,FALSE,0,FALSE,"","flag_hm=Distances between arrays;flag_box=Boxplots;flag_ma=MA plots",FALSE,"AQM flags are review signals; exclusion still requires at least two independent severe technical failures"
"GSE44076","GSM1077626",FALSE,FALSE,FALSE,0,FALSE,"","flag_hm=Distances between arrays;flag_box=Boxplots;flag_ma=MA plots",FALSE,"AQM flags are review signals; exclusion still requires at least two independent severe technical failures"
"GSE44076","GSM1077627",FALSE,TRUE,FALSE,1,TRUE,"flag_box","flag_hm=Distances between arrays;flag_box=Boxplots;flag_ma=MA plots",FALSE,"AQM flags are review signals; exclusion still requires at least two independent severe technical failures"
"GSE44076","GSM1077628",FALSE,FALSE,FALSE,0,FALSE,"","flag_hm=Distances between arrays;flag_box=Boxplots;flag_ma=MA plots",FALSE,"AQM flags are review signals; exclusion still requires at least two independent severe technical failures"
"GSE44076","GSM1077629",FALSE,FALSE,FALSE,0,FALSE,"","flag_hm=Distances between arrays;flag_box=Boxplots;flag_ma=MA plots",FALSE,"AQM flags are review signals; exclusion still requires at least two independent severe technical failures"
"GSE44076","GSM1077630",FALSE,FALSE,FALSE,0,FALSE,"","flag_hm=Distances between arrays;flag_box=Boxplots;flag_ma=MA plots",FALSE,"AQM flags are review signals; exclusion still requires at least two independent severe technical failures"
"GSE44076","GSM1077631",FALSE,FALSE,FALSE,0,FALSE,"","flag_hm=Distances between arrays;flag_box=Boxplots;flag_ma=MA plots",FALSE,"AQM flags are review signals; exclusion still requires at least two independent severe technical failures"
"GSE44076","GSM1077632",FALSE,FALSE,FALSE,0,FALSE,"","flag_hm=Distances between arrays;flag_box=Boxplots;flag_ma=MA plots",FALSE,"AQM flags are review signals; exclusion still requires at least two independent severe technical failures"
"GSE44076","GSM1077633",FALSE,FALSE,FALSE,0,FALSE,"","flag_hm=Distances between arrays;flag_box=Boxplots;flag_ma=MA plots",FALSE,"AQM flags are review signals; exclusion still requires at least two independent severe technical failures"
"GSE44076","GSM1077634",FALSE,FALSE,FALSE,0,FALSE,"","flag_hm=Distances between arrays;flag_box=Boxplots;flag_ma=MA plots",FALSE,"AQM flags are review signals; exclusion still requires at least two independent severe technical failures"
"GSE44076","GSM1077635",FALSE,FALSE,FALSE,0,FALSE,"","flag_hm=Distances between arrays;flag_box=Boxplots;flag_ma=MA plots",FALSE,"AQM flags are review signals; exclusion still requires at least two independent severe technical failures"
"GSE44076","GSM1077636",FALSE,FALSE,FALSE,0,FALSE,"","flag_hm=Distances between arrays;flag_box=Boxplots;flag_ma=MA plots",FALSE,"AQM flags are review signals; exclusion still requires at least two independent severe technical failures"
"GSE44076","GSM1077637",FALSE,FALSE,FALSE,0,FALSE,"","flag_hm=Distances between arrays;flag_box=Boxplots;flag_ma=MA plots",FALSE,"AQM flags are review signals; exclusion still requires at least two independent severe technical failures"
"GSE44076","GSM1077638",FALSE,FALSE,FALSE,0,FALSE,"","flag_hm=Distances between arrays;flag_box=Boxplots;flag_ma=MA plots",FALSE,"AQM flags are review signals; exclusion still requires at least two independent severe technical failures"
"GSE44076","GSM1077639",FALSE,FALSE,FALSE,0,FALSE,"","flag_hm=Distances between arrays;flag_box=Boxplots;flag_ma=MA plots",FALSE,"AQM flags are review signals; exclusion still requires at least two independent severe technical failures"
"GSE44076","GSM1077640",FALSE,FALSE,FALSE,0,FALSE,"","flag_hm=Distances between arrays;flag_box=Boxplots;flag_ma=MA plots",FALSE,"AQM flags are review signals; exclusion still requires at least two independent severe technical failures"
"GSE44076","GSM1077641",FALSE,FALSE,FALSE,0,FALSE,"","flag_hm=Distances between arrays;flag_box=Boxplots;flag_ma=MA plots",FALSE,"AQM flags are review signals; exclusion still requires at least two independent severe technical failures"
"GSE44076","GSM1077642",FALSE,FALSE,FALSE,0,FALSE,"","flag_hm=Distances between arrays;flag_box=Boxplots;flag_ma=MA plots",FALSE,"AQM flags are review signals; exclusion still requires at least two independent severe technical failures"
"GSE44076","GSM1077643",FALSE,FALSE,FALSE,0,FALSE,"","flag_hm=Distances between arrays;flag_box=Boxplots;flag_ma=MA plots",FALSE,"AQM flags are review signals; exclusion still requires at least two independent severe technical failures"
"GSE44076","GSM1077644",FALSE,FALSE,FALSE,0,FALSE,"","flag_hm=Distances between arrays;flag_box=Boxplots;flag_ma=MA plots",FALSE,"AQM flags are review signals; exclusion still requires at least two independent severe technical failures"
"GSE44076","GSM1077645",FALSE,FALSE,FALSE,0,FALSE,"","flag_hm=Distances between arrays;flag_box=Boxplots;flag_ma=MA plots",FALSE,"AQM flags are review signals; exclusion still requires at least two independent severe technical failures"
"GSE44076","GSM1077646",FALSE,FALSE,FALSE,0,FALSE,"","flag_hm=Distances between arrays;flag_box=Boxplots;flag_ma=MA plots",FALSE,"AQM flags are review signals; exclusion still requires at least two independent severe technical failures"
"GSE44076","GSM1077647",FALSE,FALSE,FALSE,0,FALSE,"","flag_hm=Distances between arrays;flag_box=Boxplots;flag_ma=MA plots",FALSE,"AQM flags are review signals; exclusion still requires at least two independent severe technical failures"
"GSE44076","GSM1077648",FALSE,FALSE,FALSE,0,FALSE,"","flag_hm=Distances between arrays;flag_box=Boxplots;flag_ma=MA plots",FALSE,"AQM flags are review signals; exclusion still requires at least two independent severe technical failures"
"GSE44076","GSM1077649",FALSE,FALSE,FALSE,0,FALSE,"","flag_hm=Distances between arrays;flag_box=Boxplots;flag_ma=MA plots",FALSE,"AQM flags are review signals; exclusion still requires at least two independent severe technical failures"
"GSE44076","GSM1077650",FALSE,FALSE,FALSE,0,FALSE,"","flag_hm=Distances between arrays;flag_box=Boxplots;flag_ma=MA plots",FALSE,"AQM flags are review signals; exclusion still requires at least two independent severe technical failures"
"GSE44076","GSM1077651",FALSE,FALSE,FALSE,0,FALSE,"","flag_hm=Distances between arrays;flag_box=Boxplots;flag_ma=MA plots",FALSE,"AQM flags are review signals; exclusion still requires at least two independent severe technical failures"
"GSE44076","GSM1077652",FALSE,FALSE,FALSE,0,FALSE,"","flag_hm=Distances between arrays;flag_box=Boxplots;flag_ma=MA plots",FALSE,"AQM flags are review signals; exclusion still requires at least two independent severe technical failures"
"GSE44076","GSM1077653",FALSE,FALSE,FALSE,0,FALSE,"","flag_hm=Distances between arrays;flag_box=Boxplots;flag_ma=MA plots",FALSE,"AQM flags are review signals; exclusion still requires at least two independent severe technical failures"
"GSE44076","GSM1077654",FALSE,FALSE,FALSE,0,FALSE,"","flag_hm=Distances between arrays;flag_box=Boxplots;flag_ma=MA plots",FALSE,"AQM flags are review signals; exclusion still requires at least two independent severe technical failures"
"GSE44076","GSM1077655",FALSE,FALSE,FALSE,0,FALSE,"","flag_hm=Distances between arrays;flag_box=Boxplots;flag_ma=MA plots",FALSE,"AQM flags are review signals; exclusion still requires at least two independent severe technical failures"
"GSE44076","GSM1077656",FALSE,FALSE,FALSE,0,FALSE,"","flag_hm=Distances between arrays;flag_box=Boxplots;flag_ma=MA plots",FALSE,"AQM flags are review signals; exclusion still requires at least two independent severe technical failures"
"GSE44076","GSM1077657",FALSE,FALSE,FALSE,0,FALSE,"","flag_hm=Distances between arrays;flag_box=Boxplots;flag_ma=MA plots",FALSE,"AQM flags are review signals; exclusion still requires at least two independent severe technical failures"
"GSE44076","GSM1077658",FALSE,FALSE,FALSE,0,FALSE,"","flag_hm=Distances between arrays;flag_box=Boxplots;flag_ma=MA plots",FALSE,"AQM flags are review signals; exclusion still requires at least two independent severe technical failures"
"GSE44076","GSM1077659",FALSE,TRUE,FALSE,1,TRUE,"flag_box","flag_hm=Distances between arrays;flag_box=Boxplots;flag_ma=MA plots",FALSE,"AQM flags are review signals; exclusion still requires at least two independent severe technical failures"
"GSE44076","GSM1077660",FALSE,FALSE,FALSE,0,FALSE,"","flag_hm=Distances between arrays;flag_box=Boxplots;flag_ma=MA plots",FALSE,"AQM flags are review signals; exclusion still requires at least two independent severe technical failures"
"GSE44076","GSM1077661",FALSE,FALSE,FALSE,0,FALSE,"","flag_hm=Distances between arrays;flag_box=Boxplots;flag_ma=MA plots",FALSE,"AQM flags are review signals; exclusion still requires at least two independent severe technical failures"
"GSE44076","GSM1077662",FALSE,FALSE,FALSE,0,FALSE,"","flag_hm=Distances between arrays;flag_box=Boxplots;flag_ma=MA plots",FALSE,"AQM flags are review signals; exclusion still requires at least two independent severe technical failures"
"GSE44076","GSM1077663",FALSE,FALSE,FALSE,0,FALSE,"","flag_hm=Distances between arrays;flag_box=Boxplots;flag_ma=MA plots",FALSE,"AQM flags are review signals; exclusion still requires at least two independent severe technical failures"
"GSE44076","GSM1077664",FALSE,FALSE,FALSE,0,FALSE,"","flag_hm=Distances between arrays;flag_box=Boxplots;flag_ma=MA plots",FALSE,"AQM flags are review signals; exclusion still requires at least two independent severe technical failures"
"GSE44076","GSM1077665",FALSE,FALSE,FALSE,0,FALSE,"","flag_hm=Distances between arrays;flag_box=Boxplots;flag_ma=MA plots",FALSE,"AQM flags are review signals; exclusion still requires at least two independent severe technical failures"
"GSE44076","GSM1077666",FALSE,FALSE,FALSE,0,FALSE,"","flag_hm=Distances between arrays;flag_box=Boxplots;flag_ma=MA plots",FALSE,"AQM flags are review signals; exclusion still requires at least two independent severe technical failures"
"GSE44076","GSM1077667",FALSE,FALSE,FALSE,0,FALSE,"","flag_hm=Distances between arrays;flag_box=Boxplots;flag_ma=MA plots",FALSE,"AQM flags are review signals; exclusion still requires at least two independent severe technical failures"
"GSE44076","GSM1077668",FALSE,FALSE,FALSE,0,FALSE,"","flag_hm=Distances between arrays;flag_box=Boxplots;flag_ma=MA plots",FALSE,"AQM flags are review signals; exclusion still requires at least two independent severe technical failures"
"GSE44076","GSM1077669",FALSE,FALSE,FALSE,0,FALSE,"","flag_hm=Distances between arrays;flag_box=Boxplots;flag_ma=MA plots",FALSE,"AQM flags are review signals; exclusion still requires at least two independent severe technical failures"
"GSE44076","GSM1077670",FALSE,FALSE,FALSE,0,FALSE,"","flag_hm=Distances between arrays;flag_box=Boxplots;flag_ma=MA plots",FALSE,"AQM flags are review signals; exclusion still requires at least two independent severe technical failures"
"GSE44076","GSM1077671",FALSE,FALSE,FALSE,0,FALSE,"","flag_hm=Distances between arrays;flag_box=Boxplots;flag_ma=MA plots",FALSE,"AQM flags are review signals; exclusion still requires at least two independent severe technical failures"
"GSE44076","GSM1077672",FALSE,FALSE,FALSE,0,FALSE,"","flag_hm=Distances between arrays;flag_box=Boxplots;flag_ma=MA plots",FALSE,"AQM flags are review signals; exclusion still requires at least two independent severe technical failures"
"GSE44076","GSM1077673",FALSE,FALSE,FALSE,0,FALSE,"","flag_hm=Distances between arrays;flag_box=Boxplots;flag_ma=MA plots",FALSE,"AQM flags are review signals; exclusion still requires at least two independent severe technical failures"
"GSE44076","GSM1077674",FALSE,FALSE,FALSE,0,FALSE,"","flag_hm=Distances between arrays;flag_box=Boxplots;flag_ma=MA plots",FALSE,"AQM flags are review signals; exclusion still requires at least two independent severe technical failures"
"GSE44076","GSM1077675",FALSE,FALSE,FALSE,0,FALSE,"","flag_hm=Distances between arrays;flag_box=Boxplots;flag_ma=MA plots",FALSE,"AQM flags are review signals; exclusion still requires at least two independent severe technical failures"
"GSE44076","GSM1077676",FALSE,FALSE,FALSE,0,FALSE,"","flag_hm=Distances between arrays;flag_box=Boxplots;flag_ma=MA plots",FALSE,"AQM flags are review signals; exclusion still requires at least two independent severe technical failures"
"GSE44076","GSM1077677",FALSE,FALSE,FALSE,0,FALSE,"","flag_hm=Distances between arrays;flag_box=Boxplots;flag_ma=MA plots",FALSE,"AQM flags are review signals; exclusion still requires at least two independent severe technical failures"
"GSE44076","GSM1077678",FALSE,FALSE,FALSE,0,FALSE,"","flag_hm=Distances between arrays;flag_box=Boxplots;flag_ma=MA plots",FALSE,"AQM flags are review signals; exclusion still requires at least two independent severe technical failures"
"GSE44076","GSM1077679",FALSE,FALSE,FALSE,0,FALSE,"","flag_hm=Distances between arrays;flag_box=Boxplots;flag_ma=MA plots",FALSE,"AQM flags are review signals; exclusion still requires at least two independent severe technical failures"
"GSE44076","GSM1077680",FALSE,FALSE,FALSE,0,FALSE,"","flag_hm=Distances between arrays;flag_box=Boxplots;flag_ma=MA plots",FALSE,"AQM flags are review signals; exclusion still requires at least two independent severe technical failures"
"GSE44076","GSM1077681",FALSE,FALSE,FALSE,0,FALSE,"","flag_hm=Distances between arrays;flag_box=Boxplots;flag_ma=MA plots",FALSE,"AQM flags are review signals; exclusion still requires at least two independent severe technical failures"
"GSE44076","GSM1077682",FALSE,FALSE,FALSE,0,FALSE,"","flag_hm=Distances between arrays;flag_box=Boxplots;flag_ma=MA plots",FALSE,"AQM flags are review signals; exclusion still requires at least two independent severe technical failures"
"GSE44076","GSM1077683",FALSE,FALSE,FALSE,0,FALSE,"","flag_hm=Distances between arrays;flag_box=Boxplots;flag_ma=MA plots",FALSE,"AQM flags are review signals; exclusion still requires at least two independent severe technical failures"
"GSE44076","GSM1077684",FALSE,FALSE,FALSE,0,FALSE,"","flag_hm=Distances between arrays;flag_box=Boxplots;flag_ma=MA plots",FALSE,"AQM flags are review signals; exclusion still requires at least two independent severe technical failures"
"GSE44076","GSM1077685",FALSE,FALSE,FALSE,0,FALSE,"","flag_hm=Distances between arrays;flag_box=Boxplots;flag_ma=MA plots",FALSE,"AQM flags are review signals; exclusion still requires at least two independent severe technical failures"
"GSE44076","GSM1077686",FALSE,FALSE,FALSE,0,FALSE,"","flag_hm=Distances between arrays;flag_box=Boxplots;flag_ma=MA plots",FALSE,"AQM flags are review signals; exclusion still requires at least two independent severe technical failures"
"GSE44076","GSM1077687",FALSE,FALSE,FALSE,0,FALSE,"","flag_hm=Distances between arrays;flag_box=Boxplots;flag_ma=MA plots",FALSE,"AQM flags are review signals; exclusion still requires at least two independent severe technical failures"
"GSE44076","GSM1077688",FALSE,FALSE,FALSE,0,FALSE,"","flag_hm=Distances between arrays;flag_box=Boxplots;flag_ma=MA plots",FALSE,"AQM flags are review signals; exclusion still requires at least two independent severe technical failures"
"GSE44076","GSM1077689",FALSE,FALSE,FALSE,0,FALSE,"","flag_hm=Distances between arrays;flag_box=Boxplots;flag_ma=MA plots",FALSE,"AQM flags are review signals; exclusion still requires at least two independent severe technical failures"
"GSE44076","GSM1077690",FALSE,FALSE,FALSE,0,FALSE,"","flag_hm=Distances between arrays;flag_box=Boxplots;flag_ma=MA plots",FALSE,"AQM flags are review signals; exclusion still requires at least two independent severe technical failures"
"GSE44076","GSM1077691",FALSE,FALSE,FALSE,0,FALSE,"","flag_hm=Distances between arrays;flag_box=Boxplots;flag_ma=MA plots",FALSE,"AQM flags are review signals; exclusion still requires at least two independent severe technical failures"
"GSE44076","GSM1077692",FALSE,FALSE,FALSE,0,FALSE,"","flag_hm=Distances between arrays;flag_box=Boxplots;flag_ma=MA plots",FALSE,"AQM flags are review signals; exclusion still requires at least two independent severe technical failures"
"GSE44076","GSM1077693",FALSE,FALSE,FALSE,0,FALSE,"","flag_hm=Distances between arrays;flag_box=Boxplots;flag_ma=MA plots",FALSE,"AQM flags are review signals; exclusion still requires at least two independent severe technical failures"
"GSE44076","GSM1077694",FALSE,FALSE,FALSE,0,FALSE,"","flag_hm=Distances between arrays;flag_box=Boxplots;flag_ma=MA plots",FALSE,"AQM flags are review signals; exclusion still requires at least two independent severe technical failures"
"GSE44076","GSM1077695",FALSE,FALSE,FALSE,0,FALSE,"","flag_hm=Distances between arrays;flag_box=Boxplots;flag_ma=MA plots",FALSE,"AQM flags are review signals; exclusion still requires at least two independent severe technical failures"
"GSE44076","GSM1077696",FALSE,FALSE,FALSE,0,FALSE,"","flag_hm=Distances between arrays;flag_box=Boxplots;flag_ma=MA plots",FALSE,"AQM flags are review signals; exclusion still requires at least two independent severe technical failures"
"GSE44076","GSM1077697",FALSE,FALSE,FALSE,0,FALSE,"","flag_hm=Distances between arrays;flag_box=Boxplots;flag_ma=MA plots",FALSE,"AQM flags are review signals; exclusion still requires at least two independent severe technical failures"
"GSE44076","GSM1077698",FALSE,FALSE,FALSE,0,FALSE,"","flag_hm=Distances between arrays;flag_box=Boxplots;flag_ma=MA plots",FALSE,"AQM flags are review signals; exclusion still requires at least two independent severe technical failures"
"GSE44076","GSM1077699",FALSE,FALSE,FALSE,0,FALSE,"","flag_hm=Distances between arrays;flag_box=Boxplots;flag_ma=MA plots",FALSE,"AQM flags are review signals; exclusion still requires at least two independent severe technical failures"
"GSE44076","GSM1077700",FALSE,FALSE,FALSE,0,FALSE,"","flag_hm=Distances between arrays;flag_box=Boxplots;flag_ma=MA plots",FALSE,"AQM flags are review signals; exclusion still requires at least two independent severe technical failures"
"GSE44076","GSM1077701",FALSE,FALSE,FALSE,0,FALSE,"","flag_hm=Distances between arrays;flag_box=Boxplots;flag_ma=MA plots",FALSE,"AQM flags are review signals; exclusion still requires at least two independent severe technical failures"
"GSE44076","GSM1077702",FALSE,FALSE,FALSE,0,FALSE,"","flag_hm=Distances between arrays;flag_box=Boxplots;flag_ma=MA plots",FALSE,"AQM flags are review signals; exclusion still requires at least two independent severe technical failures"
"GSE44076","GSM1077703",FALSE,FALSE,FALSE,0,FALSE,"","flag_hm=Distances between arrays;flag_box=Boxplots;flag_ma=MA plots",FALSE,"AQM flags are review signals; exclusion still requires at least two independent severe technical failures"
"GSE44076","GSM1077704",FALSE,FALSE,FALSE,0,FALSE,"","flag_hm=Distances between arrays;flag_box=Boxplots;flag_ma=MA plots",FALSE,"AQM flags are review signals; exclusion still requires at least two independent severe technical failures"
"GSE44076","GSM1077705",FALSE,FALSE,FALSE,0,FALSE,"","flag_hm=Distances between arrays;flag_box=Boxplots;flag_ma=MA plots",FALSE,"AQM flags are review signals; exclusion still requires at least two independent severe technical failures"
"GSE44076","GSM1077706",FALSE,FALSE,FALSE,0,FALSE,"","flag_hm=Distances between arrays;flag_box=Boxplots;flag_ma=MA plots",FALSE,"AQM flags are review signals; exclusion still requires at least two independent severe technical failures"
"GSE44076","GSM1077707",FALSE,FALSE,FALSE,0,FALSE,"","flag_hm=Distances between arrays;flag_box=Boxplots;flag_ma=MA plots",FALSE,"AQM flags are review signals; exclusion still requires at least two independent severe technical failures"
"GSE44076","GSM1077708",TRUE,FALSE,FALSE,1,TRUE,"flag_hm","flag_hm=Distances between arrays;flag_box=Boxplots;flag_ma=MA plots",FALSE,"AQM flags are review signals; exclusion still requires at least two independent severe technical failures"
"GSE44076","GSM1077709",FALSE,FALSE,FALSE,0,FALSE,"","flag_hm=Distances between arrays;flag_box=Boxplots;flag_ma=MA plots",FALSE,"AQM flags are review signals; exclusion still requires at least two independent severe technical failures"
"GSE44076","GSM1077710",FALSE,FALSE,FALSE,0,FALSE,"","flag_hm=Distances between arrays;flag_box=Boxplots;flag_ma=MA plots",FALSE,"AQM flags are review signals; exclusion still requires at least two independent severe technical failures"
"GSE44076","GSM1077711",FALSE,FALSE,FALSE,0,FALSE,"","flag_hm=Distances between arrays;flag_box=Boxplots;flag_ma=MA plots",FALSE,"AQM flags are review signals; exclusion still requires at least two independent severe technical failures"
"GSE44076","GSM1077712",FALSE,FALSE,FALSE,0,FALSE,"","flag_hm=Distances between arrays;flag_box=Boxplots;flag_ma=MA plots",FALSE,"AQM flags are review signals; exclusion still requires at least two independent severe technical failures"
"GSE44076","GSM1077713",FALSE,FALSE,FALSE,0,FALSE,"","flag_hm=Distances between arrays;flag_box=Boxplots;flag_ma=MA plots",FALSE,"AQM flags are review signals; exclusion still requires at least two independent severe technical failures"
"GSE44076","GSM1077714",FALSE,FALSE,FALSE,0,FALSE,"","flag_hm=Distances between arrays;flag_box=Boxplots;flag_ma=MA plots",FALSE,"AQM flags are review signals; exclusion still requires at least two independent severe technical failures"
"GSE44076","GSM1077715",FALSE,FALSE,FALSE,0,FALSE,"","flag_hm=Distances between arrays;flag_box=Boxplots;flag_ma=MA plots",FALSE,"AQM flags are review signals; exclusion still requires at least two independent severe technical failures"
"GSE44076","GSM1077716",FALSE,FALSE,FALSE,0,FALSE,"","flag_hm=Distances between arrays;flag_box=Boxplots;flag_ma=MA plots",FALSE,"AQM flags are review signals; exclusion still requires at least two independent severe technical failures"
"GSE44076","GSM1077717",FALSE,FALSE,FALSE,0,FALSE,"","flag_hm=Distances between arrays;flag_box=Boxplots;flag_ma=MA plots",FALSE,"AQM flags are review signals; exclusion still requires at least two independent severe technical failures"
"GSE44076","GSM1077718",FALSE,FALSE,FALSE,0,FALSE,"","flag_hm=Distances between arrays;flag_box=Boxplots;flag_ma=MA plots",FALSE,"AQM flags are review signals; exclusion still requires at least two independent severe technical failures"
"GSE44076","GSM1077719",FALSE,FALSE,FALSE,0,FALSE,"","flag_hm=Distances between arrays;flag_box=Boxplots;flag_ma=MA plots",FALSE,"AQM flags are review signals; exclusion still requires at least two independent severe technical failures"
"GSE44076","GSM1077720",FALSE,FALSE,FALSE,0,FALSE,"","flag_hm=Distances between arrays;flag_box=Boxplots;flag_ma=MA plots",FALSE,"AQM flags are review signals; exclusion still requires at least two independent severe technical failures"
"GSE44076","GSM1077721",FALSE,FALSE,FALSE,0,FALSE,"","flag_hm=Distances between arrays;flag_box=Boxplots;flag_ma=MA plots",FALSE,"AQM flags are review signals; exclusion still requires at least two independent severe technical failures"
"GSE44076","GSM1077722",FALSE,FALSE,FALSE,0,FALSE,"","flag_hm=Distances between arrays;flag_box=Boxplots;flag_ma=MA plots",FALSE,"AQM flags are review signals; exclusion still requires at least two independent severe technical failures"
"GSE44076","GSM1077723",FALSE,FALSE,FALSE,0,FALSE,"","flag_hm=Distances between arrays;flag_box=Boxplots;flag_ma=MA plots",FALSE,"AQM flags are review signals; exclusion still requires at least two independent severe technical failures"
"GSE44076","GSM1077724",FALSE,FALSE,FALSE,0,FALSE,"","flag_hm=Distances between arrays;flag_box=Boxplots;flag_ma=MA plots",FALSE,"AQM flags are review signals; exclusion still requires at least two independent severe technical failures"
"GSE44076","GSM1077725",FALSE,FALSE,FALSE,0,FALSE,"","flag_hm=Distances between arrays;flag_box=Boxplots;flag_ma=MA plots",FALSE,"AQM flags are review signals; exclusion still requires at least two independent severe technical failures"
"GSE44076","GSM1077726",FALSE,FALSE,FALSE,0,FALSE,"","flag_hm=Distances between arrays;flag_box=Boxplots;flag_ma=MA plots",FALSE,"AQM flags are review signals; exclusion still requires at least two independent severe technical failures"
"GSE44076","GSM1077727",FALSE,FALSE,FALSE,0,FALSE,"","flag_hm=Distances between arrays;flag_box=Boxplots;flag_ma=MA plots",FALSE,"AQM flags are review signals; exclusion still requires at least two independent severe technical failures"
"GSE44076","GSM1077728",FALSE,FALSE,FALSE,0,FALSE,"","flag_hm=Distances between arrays;flag_box=Boxplots;flag_ma=MA plots",FALSE,"AQM flags are review signals; exclusion still requires at least two independent severe technical failures"
"GSE44076","GSM1077729",FALSE,FALSE,FALSE,0,FALSE,"","flag_hm=Distances between arrays;flag_box=Boxplots;flag_ma=MA plots",FALSE,"AQM flags are review signals; exclusion still requires at least two independent severe technical failures"
"GSE44076","GSM1077730",FALSE,FALSE,FALSE,0,FALSE,"","flag_hm=Distances between arrays;flag_box=Boxplots;flag_ma=MA plots",FALSE,"AQM flags are review signals; exclusion still requires at least two independent severe technical failures"
"GSE44076","GSM1077731",FALSE,FALSE,FALSE,0,FALSE,"","flag_hm=Distances between arrays;flag_box=Boxplots;flag_ma=MA plots",FALSE,"AQM flags are review signals; exclusion still requires at least two independent severe technical failures"
"GSE44076","GSM1077732",FALSE,FALSE,FALSE,0,FALSE,"","flag_hm=Distances between arrays;flag_box=Boxplots;flag_ma=MA plots",FALSE,"AQM flags are review signals; exclusion still requires at least two independent severe technical failures"
"GSE44076","GSM1077733",FALSE,FALSE,FALSE,0,FALSE,"","flag_hm=Distances between arrays;flag_box=Boxplots;flag_ma=MA plots",FALSE,"AQM flags are review signals; exclusion still requires at least two independent severe technical failures"
"GSE44076","GSM1077734",FALSE,FALSE,FALSE,0,FALSE,"","flag_hm=Distances between arrays;flag_box=Boxplots;flag_ma=MA plots",FALSE,"AQM flags are review signals; exclusion still requires at least two independent severe technical failures"
"GSE44076","GSM1077735",FALSE,FALSE,FALSE,0,FALSE,"","flag_hm=Distances between arrays;flag_box=Boxplots;flag_ma=MA plots",FALSE,"AQM flags are review signals; exclusion still requires at least two independent severe technical failures"
"GSE44076","GSM1077736",FALSE,TRUE,FALSE,1,TRUE,"flag_box","flag_hm=Distances between arrays;flag_box=Boxplots;flag_ma=MA plots",FALSE,"AQM flags are review signals; exclusion still requires at least two independent severe technical failures"
"GSE44076","GSM1077737",FALSE,FALSE,FALSE,0,FALSE,"","flag_hm=Distances between arrays;flag_box=Boxplots;flag_ma=MA plots",FALSE,"AQM flags are review signals; exclusion still requires at least two independent severe technical failures"
"GSE44076","GSM1077738",FALSE,FALSE,FALSE,0,FALSE,"","flag_hm=Distances between arrays;flag_box=Boxplots;flag_ma=MA plots",FALSE,"AQM flags are review signals; exclusion still requires at least two independent severe technical failures"
"GSE44076","GSM1077739",FALSE,FALSE,FALSE,0,FALSE,"","flag_hm=Distances between arrays;flag_box=Boxplots;flag_ma=MA plots",FALSE,"AQM flags are review signals; exclusion still requires at least two independent severe technical failures"
"GSE44076","GSM1077740",FALSE,FALSE,FALSE,0,FALSE,"","flag_hm=Distances between arrays;flag_box=Boxplots;flag_ma=MA plots",FALSE,"AQM flags are review signals; exclusion still requires at least two independent severe technical failures"
"GSE44076","GSM1077741",FALSE,FALSE,FALSE,0,FALSE,"","flag_hm=Distances between arrays;flag_box=Boxplots;flag_ma=MA plots",FALSE,"AQM flags are review signals; exclusion still requires at least two independent severe technical failures"
"GSE44076","GSM1077742",FALSE,FALSE,FALSE,0,FALSE,"","flag_hm=Distances between arrays;flag_box=Boxplots;flag_ma=MA plots",FALSE,"AQM flags are review signals; exclusion still requires at least two independent severe technical failures"
"GSE44076","GSM1077743",FALSE,FALSE,FALSE,0,FALSE,"","flag_hm=Distances between arrays;flag_box=Boxplots;flag_ma=MA plots",FALSE,"AQM flags are review signals; exclusion still requires at least two independent severe technical failures"
"GSE44076","GSM1077744",FALSE,FALSE,FALSE,0,FALSE,"","flag_hm=Distances between arrays;flag_box=Boxplots;flag_ma=MA plots",FALSE,"AQM flags are review signals; exclusion still requires at least two independent severe technical failures"
"GSE44076","GSM1077745",FALSE,FALSE,FALSE,0,FALSE,"","flag_hm=Distances between arrays;flag_box=Boxplots;flag_ma=MA plots",FALSE,"AQM flags are review signals; exclusion still requires at least two independent severe technical failures"
"GSE44076","GSM1077746",FALSE,FALSE,FALSE,0,FALSE,"","flag_hm=Distances between arrays;flag_box=Boxplots;flag_ma=MA plots",FALSE,"AQM flags are review signals; exclusion still requires at least two independent severe technical failures"
"GSE44076","GSM1077747",FALSE,FALSE,FALSE,0,FALSE,"","flag_hm=Distances between arrays;flag_box=Boxplots;flag_ma=MA plots",FALSE,"AQM flags are review signals; exclusion still requires at least two independent severe technical failures"
"GSE44076","GSM1077748",FALSE,FALSE,FALSE,0,FALSE,"","flag_hm=Distances between arrays;flag_box=Boxplots;flag_ma=MA plots",FALSE,"AQM flags are review signals; exclusion still requires at least two independent severe technical failures"
"GSE44076","GSM1077749",FALSE,FALSE,FALSE,0,FALSE,"","flag_hm=Distances between arrays;flag_box=Boxplots;flag_ma=MA plots",FALSE,"AQM flags are review signals; exclusion still requires at least two independent severe technical failures"
"GSE44076","GSM1077750",FALSE,FALSE,FALSE,0,FALSE,"","flag_hm=Distances between arrays;flag_box=Boxplots;flag_ma=MA plots",FALSE,"AQM flags are review signals; exclusion still requires at least two independent severe technical failures"
"GSE44076","GSM1077751",FALSE,FALSE,FALSE,0,FALSE,"","flag_hm=Distances between arrays;flag_box=Boxplots;flag_ma=MA plots",FALSE,"AQM flags are review signals; exclusion still requires at least two independent severe technical failures"
"GSE44076","GSM1077752",FALSE,FALSE,FALSE,0,FALSE,"","flag_hm=Distances between arrays;flag_box=Boxplots;flag_ma=MA plots",FALSE,"AQM flags are review signals; exclusion still requires at least two independent severe technical failures"
"GSE44076","GSM1077753",FALSE,FALSE,FALSE,0,FALSE,"","flag_hm=Distances between arrays;flag_box=Boxplots;flag_ma=MA plots",FALSE,"AQM flags are review signals; exclusion still requires at least two independent severe technical failures"
"GSE44076","GSM1077754",FALSE,FALSE,FALSE,0,FALSE,"","flag_hm=Distances between arrays;flag_box=Boxplots;flag_ma=MA plots",FALSE,"AQM flags are review signals; exclusion still requires at least two independent severe technical failures"
"GSE44076","GSM1077755",FALSE,FALSE,FALSE,0,FALSE,"","flag_hm=Distances between arrays;flag_box=Boxplots;flag_ma=MA plots",FALSE,"AQM flags are review signals; exclusion still requires at least two independent severe technical failures"
"GSE44076","GSM1077756",FALSE,FALSE,FALSE,0,FALSE,"","flag_hm=Distances between arrays;flag_box=Boxplots;flag_ma=MA plots",FALSE,"AQM flags are review signals; exclusion still requires at least two independent severe technical failures"
"GSE44076","GSM1077757",FALSE,FALSE,FALSE,0,FALSE,"","flag_hm=Distances between arrays;flag_box=Boxplots;flag_ma=MA plots",FALSE,"AQM flags are review signals; exclusion still requires at least two independent severe technical failures"
"GSE44076","GSM1077758",FALSE,FALSE,FALSE,0,FALSE,"","flag_hm=Distances between arrays;flag_box=Boxplots;flag_ma=MA plots",FALSE,"AQM flags are review signals; exclusion still requires at least two independent severe technical failures"
"GSE44076","GSM1077759",FALSE,FALSE,FALSE,0,FALSE,"","flag_hm=Distances between arrays;flag_box=Boxplots;flag_ma=MA plots",FALSE,"AQM flags are review signals; exclusion still requires at least two independent severe technical failures"
"GSE44076","GSM1077760",FALSE,FALSE,FALSE,0,FALSE,"","flag_hm=Distances between arrays;flag_box=Boxplots;flag_ma=MA plots",FALSE,"AQM flags are review signals; exclusion still requires at least two independent severe technical failures"
"GSE44076","GSM1077761",FALSE,FALSE,FALSE,0,FALSE,"","flag_hm=Distances between arrays;flag_box=Boxplots;flag_ma=MA plots",FALSE,"AQM flags are review signals; exclusion still requires at least two independent severe technical failures"
"GSE44076","GSM1077762",FALSE,FALSE,FALSE,0,FALSE,"","flag_hm=Distances between arrays;flag_box=Boxplots;flag_ma=MA plots",FALSE,"AQM flags are review signals; exclusion still requires at least two independent severe technical failures"
"GSE44076","GSM1077763",FALSE,FALSE,FALSE,0,FALSE,"","flag_hm=Distances between arrays;flag_box=Boxplots;flag_ma=MA plots",FALSE,"AQM flags are review signals; exclusion still requires at least two independent severe technical failures"
"GSE44076","GSM1077764",FALSE,FALSE,FALSE,0,FALSE,"","flag_hm=Distances between arrays;flag_box=Boxplots;flag_ma=MA plots",FALSE,"AQM flags are review signals; exclusion still requires at least two independent severe technical failures"
"GSE44076","GSM1077765",FALSE,FALSE,FALSE,0,FALSE,"","flag_hm=Distances between arrays;flag_box=Boxplots;flag_ma=MA plots",FALSE,"AQM flags are review signals; exclusion still requires at least two independent severe technical failures"
"GSE44076","GSM1077766",FALSE,FALSE,FALSE,0,FALSE,"","flag_hm=Distances between arrays;flag_box=Boxplots;flag_ma=MA plots",FALSE,"AQM flags are review signals; exclusion still requires at least two independent severe technical failures"
"GSE44076","GSM1077767",FALSE,FALSE,FALSE,0,FALSE,"","flag_hm=Distances between arrays;flag_box=Boxplots;flag_ma=MA plots",FALSE,"AQM flags are review signals; exclusion still requires at least two independent severe technical failures"
"GSE44076","GSM1077768",FALSE,FALSE,FALSE,0,FALSE,"","flag_hm=Distances between arrays;flag_box=Boxplots;flag_ma=MA plots",FALSE,"AQM flags are review signals; exclusion still requires at least two independent severe technical failures"
"GSE44076","GSM1077769",FALSE,FALSE,FALSE,0,FALSE,"","flag_hm=Distances between arrays;flag_box=Boxplots;flag_ma=MA plots",FALSE,"AQM flags are review signals; exclusion still requires at least two independent severe technical failures"
"GSE44076","GSM1077770",FALSE,FALSE,FALSE,0,FALSE,"","flag_hm=Distances between arrays;flag_box=Boxplots;flag_ma=MA plots",FALSE,"AQM flags are review signals; exclusion still requires at least two independent severe technical failures"
"GSE44076","GSM1077771",FALSE,FALSE,FALSE,0,FALSE,"","flag_hm=Distances between arrays;flag_box=Boxplots;flag_ma=MA plots",FALSE,"AQM flags are review signals; exclusion still requires at least two independent severe technical failures"
"GSE44076","GSM1077772",FALSE,FALSE,FALSE,0,FALSE,"","flag_hm=Distances between arrays;flag_box=Boxplots;flag_ma=MA plots",FALSE,"AQM flags are review signals; exclusion still requires at least two independent severe technical failures"
"GSE44076","GSM1077773",FALSE,FALSE,FALSE,0,FALSE,"","flag_hm=Distances between arrays;flag_box=Boxplots;flag_ma=MA plots",FALSE,"AQM flags are review signals; exclusion still requires at least two independent severe technical failures"
"GSE44076","GSM1077774",FALSE,FALSE,FALSE,0,FALSE,"","flag_hm=Distances between arrays;flag_box=Boxplots;flag_ma=MA plots",FALSE,"AQM flags are review signals; exclusion still requires at least two independent severe technical failures"
"GSE44076","GSM1077775",FALSE,FALSE,FALSE,0,FALSE,"","flag_hm=Distances between arrays;flag_box=Boxplots;flag_ma=MA plots",FALSE,"AQM flags are review signals; exclusion still requires at least two independent severe technical failures"
"GSE44076","GSM1077776",FALSE,FALSE,FALSE,0,FALSE,"","flag_hm=Distances between arrays;flag_box=Boxplots;flag_ma=MA plots",FALSE,"AQM flags are review signals; exclusion still requires at least two independent severe technical failures"
"GSE44076","GSM1077777",FALSE,FALSE,FALSE,0,FALSE,"","flag_hm=Distances between arrays;flag_box=Boxplots;flag_ma=MA plots",FALSE,"AQM flags are review signals; exclusion still requires at least two independent severe technical failures"
"GSE44076","GSM1077778",FALSE,FALSE,FALSE,0,FALSE,"","flag_hm=Distances between arrays;flag_box=Boxplots;flag_ma=MA plots",FALSE,"AQM flags are review signals; exclusion still requires at least two independent severe technical failures"
"GSE44076","GSM1077779",FALSE,FALSE,FALSE,0,FALSE,"","flag_hm=Distances between arrays;flag_box=Boxplots;flag_ma=MA plots",FALSE,"AQM flags are review signals; exclusion still requires at least two independent severe technical failures"
"GSE44076","GSM1077780",FALSE,FALSE,FALSE,0,FALSE,"","flag_hm=Distances between arrays;flag_box=Boxplots;flag_ma=MA plots",FALSE,"AQM flags are review signals; exclusion still requires at least two independent severe technical failures"
"GSE44076","GSM1077781",FALSE,FALSE,FALSE,0,FALSE,"","flag_hm=Distances between arrays;flag_box=Boxplots;flag_ma=MA plots",FALSE,"AQM flags are review signals; exclusion still requires at least two independent severe technical failures"
"GSE44076","GSM1077782",FALSE,FALSE,FALSE,0,FALSE,"","flag_hm=Distances between arrays;flag_box=Boxplots;flag_ma=MA plots",FALSE,"AQM flags are review signals; exclusion still requires at least two independent severe technical failures"
"GSE44076","GSM1077783",FALSE,FALSE,FALSE,0,FALSE,"","flag_hm=Distances between arrays;flag_box=Boxplots;flag_ma=MA plots",FALSE,"AQM flags are review signals; exclusion still requires at least two independent severe technical failures"
"GSE44076","GSM1077784",FALSE,FALSE,FALSE,0,FALSE,"","flag_hm=Distances between arrays;flag_box=Boxplots;flag_ma=MA plots",FALSE,"AQM flags are review signals; exclusion still requires at least two independent severe technical failures"
"GSE44076","GSM1077785",FALSE,FALSE,FALSE,0,FALSE,"","flag_hm=Distances between arrays;flag_box=Boxplots;flag_ma=MA plots",FALSE,"AQM flags are review signals; exclusion still requires at least two independent severe technical failures"
"GSE44076","GSM1077786",FALSE,FALSE,FALSE,0,FALSE,"","flag_hm=Distances between arrays;flag_box=Boxplots;flag_ma=MA plots",FALSE,"AQM flags are review signals; exclusion still requires at least two independent severe technical failures"
"GSE44076","GSM1077787",FALSE,FALSE,FALSE,0,FALSE,"","flag_hm=Distances between arrays;flag_box=Boxplots;flag_ma=MA plots",FALSE,"AQM flags are review signals; exclusion still requires at least two independent severe technical failures"
"GSE44076","GSM1077788",FALSE,FALSE,FALSE,0,FALSE,"","flag_hm=Distances between arrays;flag_box=Boxplots;flag_ma=MA plots",FALSE,"AQM flags are review signals; exclusion still requires at least two independent severe technical failures"
"GSE44076","GSM1077789",FALSE,FALSE,FALSE,0,FALSE,"","flag_hm=Distances between arrays;flag_box=Boxplots;flag_ma=MA plots",FALSE,"AQM flags are review signals; exclusion still requires at least two independent severe technical failures"
"GSE44076","GSM1077790",FALSE,FALSE,FALSE,0,FALSE,"","flag_hm=Distances between arrays;flag_box=Boxplots;flag_ma=MA plots",FALSE,"AQM flags are review signals; exclusion still requires at least two independent severe technical failures"
"GSE44076","GSM1077791",FALSE,FALSE,FALSE,0,FALSE,"","flag_hm=Distances between arrays;flag_box=Boxplots;flag_ma=MA plots",FALSE,"AQM flags are review signals; exclusion still requires at least two independent severe technical failures"
"GSE44076","GSM1077792",FALSE,FALSE,FALSE,0,FALSE,"","flag_hm=Distances between arrays;flag_box=Boxplots;flag_ma=MA plots",FALSE,"AQM flags are review signals; exclusion still requires at least two independent severe technical failures"
"GSE44076","GSM1077793",TRUE,TRUE,FALSE,2,TRUE,"flag_hm;flag_box","flag_hm=Distances between arrays;flag_box=Boxplots;flag_ma=MA plots",FALSE,"AQM flags are review signals; exclusion still requires at least two independent severe technical failures"
"GSE44076","GSM1077794",FALSE,FALSE,FALSE,0,FALSE,"","flag_hm=Distances between arrays;flag_box=Boxplots;flag_ma=MA plots",FALSE,"AQM flags are review signals; exclusion still requires at least two independent severe technical failures"
"GSE44076","GSM1077795",FALSE,FALSE,FALSE,0,FALSE,"","flag_hm=Distances between arrays;flag_box=Boxplots;flag_ma=MA plots",FALSE,"AQM flags are review signals; exclusion still requires at least two independent severe technical failures"
"GSE44076","GSM1077796",FALSE,FALSE,FALSE,0,FALSE,"","flag_hm=Distances between arrays;flag_box=Boxplots;flag_ma=MA plots",FALSE,"AQM flags are review signals; exclusion still requires at least two independent severe technical failures"
"GSE44076","GSM1077797",FALSE,FALSE,FALSE,0,FALSE,"","flag_hm=Distances between arrays;flag_box=Boxplots;flag_ma=MA plots",FALSE,"AQM flags are review signals; exclusion still requires at least two independent severe technical failures"
"GSE44076","GSM1077798",FALSE,FALSE,FALSE,0,FALSE,"","flag_hm=Distances between arrays;flag_box=Boxplots;flag_ma=MA plots",FALSE,"AQM flags are review signals; exclusion still requires at least two independent severe technical failures"
"GSE44076","GSM1077799",FALSE,FALSE,FALSE,0,FALSE,"","flag_hm=Distances between arrays;flag_box=Boxplots;flag_ma=MA plots",FALSE,"AQM flags are review signals; exclusion still requires at least two independent severe technical failures"
"GSE44076","GSM1077800",TRUE,FALSE,FALSE,1,TRUE,"flag_hm","flag_hm=Distances between arrays;flag_box=Boxplots;flag_ma=MA plots",FALSE,"AQM flags are review signals; exclusion still requires at least two independent severe technical failures"
"GSE44076","GSM1077801",FALSE,FALSE,FALSE,0,FALSE,"","flag_hm=Distances between arrays;flag_box=Boxplots;flag_ma=MA plots",FALSE,"AQM flags are review signals; exclusion still requires at least two independent severe technical failures"
"GSE44076","GSM1077802",FALSE,FALSE,FALSE,0,FALSE,"","flag_hm=Distances between arrays;flag_box=Boxplots;flag_ma=MA plots",FALSE,"AQM flags are review signals; exclusion still requires at least two independent severe technical failures"
"GSE44076","GSM1077803",FALSE,FALSE,FALSE,0,FALSE,"","flag_hm=Distances between arrays;flag_box=Boxplots;flag_ma=MA plots",FALSE,"AQM flags are review signals; exclusion still requires at least two independent severe technical failures"
"GSE44076","GSM1077804",FALSE,FALSE,FALSE,0,FALSE,"","flag_hm=Distances between arrays;flag_box=Boxplots;flag_ma=MA plots",FALSE,"AQM flags are review signals; exclusion still requires at least two independent severe technical failures"
"GSE44076","GSM1077805",FALSE,FALSE,FALSE,0,FALSE,"","flag_hm=Distances between arrays;flag_box=Boxplots;flag_ma=MA plots",FALSE,"AQM flags are review signals; exclusion still requires at least two independent severe technical failures"
"GSE44076","GSM1077806",FALSE,FALSE,FALSE,0,FALSE,"","flag_hm=Distances between arrays;flag_box=Boxplots;flag_ma=MA plots",FALSE,"AQM flags are review signals; exclusion still requires at least two independent severe technical failures"
"GSE44076","GSM1077807",FALSE,FALSE,FALSE,0,FALSE,"","flag_hm=Distances between arrays;flag_box=Boxplots;flag_ma=MA plots",FALSE,"AQM flags are review signals; exclusion still requires at least two independent severe technical failures"
"GSE44076","GSM1077808",FALSE,FALSE,FALSE,0,FALSE,"","flag_hm=Distances between arrays;flag_box=Boxplots;flag_ma=MA plots",FALSE,"AQM flags are review signals; exclusion still requires at least two independent severe technical failures"
"GSE44076","GSM1077809",FALSE,FALSE,FALSE,0,FALSE,"","flag_hm=Distances between arrays;flag_box=Boxplots;flag_ma=MA plots",FALSE,"AQM flags are review signals; exclusion still requires at least two independent severe technical failures"
"GSE44076","GSM1077810",FALSE,FALSE,FALSE,0,FALSE,"","flag_hm=Distances between arrays;flag_box=Boxplots;flag_ma=MA plots",FALSE,"AQM flags are review signals; exclusion still requires at least two independent severe technical failures"
"GSE44076","GSM1077811",FALSE,FALSE,FALSE,0,FALSE,"","flag_hm=Distances between arrays;flag_box=Boxplots;flag_ma=MA plots",FALSE,"AQM flags are review signals; exclusion still requires at least two independent severe technical failures"
"GSE44076","GSM1077812",FALSE,FALSE,FALSE,0,FALSE,"","flag_hm=Distances between arrays;flag_box=Boxplots;flag_ma=MA plots",FALSE,"AQM flags are review signals; exclusion still requires at least two independent severe technical failures"
"GSE44076","GSM1077813",FALSE,FALSE,FALSE,0,FALSE,"","flag_hm=Distances between arrays;flag_box=Boxplots;flag_ma=MA plots",FALSE,"AQM flags are review signals; exclusion still requires at least two independent severe technical failures"
"GSE44076","GSM1077814",FALSE,FALSE,FALSE,0,FALSE,"","flag_hm=Distances between arrays;flag_box=Boxplots;flag_ma=MA plots",FALSE,"AQM flags are review signals; exclusion still requires at least two independent severe technical failures"
"GSE44076","GSM1077815",FALSE,FALSE,FALSE,0,FALSE,"","flag_hm=Distances between arrays;flag_box=Boxplots;flag_ma=MA plots",FALSE,"AQM flags are review signals; exclusion still requires at least two independent severe technical failures"
"GSE44076","GSM1077816",FALSE,FALSE,FALSE,0,FALSE,"","flag_hm=Distances between arrays;flag_box=Boxplots;flag_ma=MA plots",FALSE,"AQM flags are review signals; exclusion still requires at least two independent severe technical failures"
"GSE44076","GSM1077817",FALSE,FALSE,FALSE,0,FALSE,"","flag_hm=Distances between arrays;flag_box=Boxplots;flag_ma=MA plots",FALSE,"AQM flags are review signals; exclusion still requires at least two independent severe technical failures"
"GSE44076","GSM1077818",FALSE,FALSE,FALSE,0,FALSE,"","flag_hm=Distances between arrays;flag_box=Boxplots;flag_ma=MA plots",FALSE,"AQM flags are review signals; exclusion still requires at least two independent severe technical failures"
"GSE44076","GSM1077819",FALSE,FALSE,FALSE,0,FALSE,"","flag_hm=Distances between arrays;flag_box=Boxplots;flag_ma=MA plots",FALSE,"AQM flags are review signals; exclusion still requires at least two independent severe technical failures"
"GSE44076","GSM1077820",FALSE,FALSE,FALSE,0,FALSE,"","flag_hm=Distances between arrays;flag_box=Boxplots;flag_ma=MA plots",FALSE,"AQM flags are review signals; exclusion still requires at least two independent severe technical failures"
"GSE44076","GSM1077821",FALSE,FALSE,FALSE,0,FALSE,"","flag_hm=Distances between arrays;flag_box=Boxplots;flag_ma=MA plots",FALSE,"AQM flags are review signals; exclusion still requires at least two independent severe technical failures"
"GSE44076","GSM1077822",FALSE,FALSE,FALSE,0,FALSE,"","flag_hm=Distances between arrays;flag_box=Boxplots;flag_ma=MA plots",FALSE,"AQM flags are review signals; exclusion still requires at least two independent severe technical failures"
"GSE44076","GSM1077823",FALSE,FALSE,FALSE,0,FALSE,"","flag_hm=Distances between arrays;flag_box=Boxplots;flag_ma=MA plots",FALSE,"AQM flags are review signals; exclusion still requires at least two independent severe technical failures"
"GSE44076","GSM1077824",FALSE,FALSE,FALSE,0,FALSE,"","flag_hm=Distances between arrays;flag_box=Boxplots;flag_ma=MA plots",FALSE,"AQM flags are review signals; exclusion still requires at least two independent severe technical failures"
"GSE44076","GSM1077825",FALSE,FALSE,FALSE,0,FALSE,"","flag_hm=Distances between arrays;flag_box=Boxplots;flag_ma=MA plots",FALSE,"AQM flags are review signals; exclusion still requires at least two independent severe technical failures"
"GSE44076","GSM1077826",FALSE,FALSE,FALSE,0,FALSE,"","flag_hm=Distances between arrays;flag_box=Boxplots;flag_ma=MA plots",FALSE,"AQM flags are review signals; exclusion still requires at least two independent severe technical failures"
"GSE44076","GSM1077827",FALSE,FALSE,FALSE,0,FALSE,"","flag_hm=Distances between arrays;flag_box=Boxplots;flag_ma=MA plots",FALSE,"AQM flags are review signals; exclusion still requires at least two independent severe technical failures"
"GSE44076","GSM1077828",FALSE,FALSE,FALSE,0,FALSE,"","flag_hm=Distances between arrays;flag_box=Boxplots;flag_ma=MA plots",FALSE,"AQM flags are review signals; exclusion still requires at least two independent severe technical failures"
"GSE44076","GSM1077829",FALSE,FALSE,FALSE,0,FALSE,"","flag_hm=Distances between arrays;flag_box=Boxplots;flag_ma=MA plots",FALSE,"AQM flags are review signals; exclusion still requires at least two independent severe technical failures"
"GSE44076","GSM1077830",FALSE,FALSE,FALSE,0,FALSE,"","flag_hm=Distances between arrays;flag_box=Boxplots;flag_ma=MA plots",FALSE,"AQM flags are review signals; exclusion still requires at least two independent severe technical failures"
"GSE44076","GSM1077831",FALSE,FALSE,FALSE,0,FALSE,"","flag_hm=Distances between arrays;flag_box=Boxplots;flag_ma=MA plots",FALSE,"AQM flags are review signals; exclusion still requires at least two independent severe technical failures"
"GSE44076","GSM1077832",FALSE,FALSE,FALSE,0,FALSE,"","flag_hm=Distances between arrays;flag_box=Boxplots;flag_ma=MA plots",FALSE,"AQM flags are review signals; exclusion still requires at least two independent severe technical failures"
"GSE44076","GSM1077833",FALSE,FALSE,FALSE,0,FALSE,"","flag_hm=Distances between arrays;flag_box=Boxplots;flag_ma=MA plots",FALSE,"AQM flags are review signals; exclusion still requires at least two independent severe technical failures"
"GSE44076","GSM1077834",FALSE,FALSE,FALSE,0,FALSE,"","flag_hm=Distances between arrays;flag_box=Boxplots;flag_ma=MA plots",FALSE,"AQM flags are review signals; exclusion still requires at least two independent severe technical failures"
"GSE44076","GSM1077835",FALSE,FALSE,FALSE,0,FALSE,"","flag_hm=Distances between arrays;flag_box=Boxplots;flag_ma=MA plots",FALSE,"AQM flags are review signals; exclusion still requires at least two independent severe technical failures"
"GSE44076","GSM1077836",FALSE,FALSE,FALSE,0,FALSE,"","flag_hm=Distances between arrays;flag_box=Boxplots;flag_ma=MA plots",FALSE,"AQM flags are review signals; exclusion still requires at least two independent severe technical failures"
"GSE44076","GSM1077837",FALSE,FALSE,FALSE,0,FALSE,"","flag_hm=Distances between arrays;flag_box=Boxplots;flag_ma=MA plots",FALSE,"AQM flags are review signals; exclusion still requires at least two independent severe technical failures"
"GSE44076","GSM1077838",FALSE,FALSE,FALSE,0,FALSE,"","flag_hm=Distances between arrays;flag_box=Boxplots;flag_ma=MA plots",FALSE,"AQM flags are review signals; exclusion still requires at least two independent severe technical failures"
"GSE44076","GSM1077839",FALSE,FALSE,FALSE,0,FALSE,"","flag_hm=Distances between arrays;flag_box=Boxplots;flag_ma=MA plots",FALSE,"AQM flags are review signals; exclusion still requires at least two independent severe technical failures"
"GSE44076","GSM1077840",FALSE,FALSE,FALSE,0,FALSE,"","flag_hm=Distances between arrays;flag_box=Boxplots;flag_ma=MA plots",FALSE,"AQM flags are review signals; exclusion still requires at least two independent severe technical failures"
"GSE44076","GSM1077841",FALSE,FALSE,FALSE,0,FALSE,"","flag_hm=Distances between arrays;flag_box=Boxplots;flag_ma=MA plots",FALSE,"AQM flags are review signals; exclusion still requires at least two independent severe technical failures"
"GSE44076","GSM1077842",FALSE,FALSE,FALSE,0,FALSE,"","flag_hm=Distances between arrays;flag_box=Boxplots;flag_ma=MA plots",FALSE,"AQM flags are review signals; exclusion still requires at least two independent severe technical failures"
"GSE44076","GSM1077843",FALSE,FALSE,FALSE,0,FALSE,"","flag_hm=Distances between arrays;flag_box=Boxplots;flag_ma=MA plots",FALSE,"AQM flags are review signals; exclusion still requires at least two independent severe technical failures"
