geo_accession,PC1,PC2,tissue_class,patient_id
GSM1077598,30.54515120194199,-21.76948483451775,healthy,A2119
GSM1077599,37.722818549771446,-23.1002679784722,healthy,A2142
GSM1077600,33.94356734419206,-13.529210850679952,healthy,B2104
GSM1077601,37.42268909032602,-28.781787817868846,healthy,B2127
GSM1077602,39.8114110768781,-24.737379781673432,healthy,B2150
GSM1077603,32.510684438894415,-24.918177347698602,healthy,C2113
GSM1077604,41.524859763288035,-21.627697740496405,healthy,C2136
GSM1077605,39.573148246307596,-29.63846211657922,healthy,D2102
GSM1077606,37.84298870776438,-15.328967784519765,healthy,D2125
GSM1077607,45.168794668474064,-26.233531234602722,healthy,D2148
GSM1077608,39.55231803349224,-19.682165861782714,healthy,E2115
GSM1077609,39.200486810761376,-26.875842320423217,healthy,E2138
GSM1077610,38.176880453737226,-20.257807937344893,healthy,F2123
GSM1077611,33.789137508102314,-15.93518437741214,healthy,F2146
GSM1077612,35.60244510185261,-17.75306342543549,healthy,G2120
GSM1077613,36.939302735682645,-31.347341010735192,healthy,G2143
GSM1077614,31.709753509857165,-22.710244595441722,healthy,H2111
GSM1077615,35.26530629422811,-24.263414242193388,healthy,H2134
GSM1077616,32.54606042646755,-28.99457932100387,healthy,J2106
GSM1077617,42.406724101680126,-22.854383872607137,healthy,J2129
GSM1077618,35.934697190871674,-26.448741432390683,healthy,K2114
GSM1077619,39.60452756065472,-27.447259515256167,healthy,K2137
GSM1077620,32.16419127563725,-29.026492674663494,healthy,L2112
GSM1077621,40.33699636002882,-25.571711801068936,healthy,L2135
GSM1077622,36.67748900130411,-13.908216649733458,healthy,M2121
GSM1077623,43.73825919391099,-29.713859379063617,healthy,M2144
GSM1077624,37.72580984879278,-25.168498743988795,healthy,N2105
GSM1077625,40.754869933988374,-19.539601256039226,healthy,N2128
GSM1077626,39.29273562075883,-22.84219274161504,healthy,P2101
GSM1077627,38.286191978072836,-25.46960991629883,healthy,P2124
GSM1077628,39.01103870577249,-25.066967841345047,healthy,P2147
GSM1077629,38.57126336313408,-23.9229913970103,healthy,Q2109
GSM1077630,37.82513558927438,-20.88666492610778,healthy,Q2132
GSM1077631,39.13310276862573,-27.97032267584963,healthy,R2117
GSM1077632,36.665253531476225,-18.66807081199532,healthy,R2140
GSM1077633,36.5169578642915,-13.400130400968063,healthy,S2108
GSM1077634,38.05497897322181,-29.389766981497633,healthy,S2131
GSM1077635,31.31914852352523,-18.56935034524556,healthy,T2116
GSM1077636,39.713178847901716,-20.5330001690358,healthy,T2139
GSM1077637,40.71198139073903,-17.198367445084124,healthy,V2110
GSM1077638,35.27121712427996,-24.54593928813093,healthy,V2133
GSM1077639,44.37331826249755,-25.61914693600246,healthy,W2118
GSM1077640,38.41952241576752,-23.707677334771283,healthy,W2141
GSM1077641,33.13913752517887,-14.591859791834704,healthy,X2103
GSM1077642,41.829361191003414,-25.693430887141478,healthy,X2126
GSM1077643,35.28436847208086,-21.400227407399715,healthy,X2149
GSM1077644,35.54905366572977,-18.292195199900327,healthy,Y2122
GSM1077645,31.397720790416557,-11.16512212829395,healthy,Y2145
GSM1077646,39.24146053818119,-29.808989097788025,healthy,Z2107
GSM1077647,39.947544600966324,-27.980383015690695,healthy,Z2130
GSM1077648,32.4247595601217,4.215573464578391,adjacent_normal,A2004
GSM1077649,36.861471176119466,-5.662657489917411,adjacent_normal,A2027
GSM1077650,38.63276524687193,21.536449574092305,adjacent_normal,A2050
GSM1077651,22.607851521441205,-1.4771021829966564,adjacent_normal,A2096
GSM1077652,45.19773577200583,-12.768845113601303,adjacent_normal,B2012
GSM1077653,16.958007976444385,9.05101027716928,adjacent_normal,B2035
GSM1077654,17.446971694157057,34.582886264599196,adjacent_normal,B2058
GSM1077655,32.857006060973305,-11.406745229118842,adjacent_normal,B2081
GSM1077656,20.17397746921268,-1.2834766896842318,adjacent_normal,C2021
GSM1077657,42.712136203222215,-7.7807642560398325,adjacent_normal,C2044
GSM1077658,-1.3626212314782862,-3.6902846515098755,adjacent_normal,C2067
GSM1077659,42.32775670187128,1.0289476366404244,adjacent_normal,C2090
GSM1077660,29.443696988529226,10.778763472210787,adjacent_normal,D2010
GSM1077661,22.286278777971617,-17.535171635002254,adjacent_normal,D2033
GSM1077662,29.445190843038702,-2.672447798528381,adjacent_normal,D2056
GSM1077663,35.544109853999544,6.299844197727964,adjacent_normal,D2079
GSM1077664,33.473458995319476,-5.28830985711258,adjacent_normal,E2023
GSM1077665,24.03228989344673,47.49516069642773,adjacent_normal,E2046
GSM1077666,36.587938462162896,9.081596304126872,adjacent_normal,E2069
GSM1077667,34.36823269202468,3.8424251065650203,adjacent_normal,E2092
GSM1077668,37.51519082253168,2.6747770628067755,adjacent_normal,F2008
GSM1077669,30.81510029852332,56.62123898640897,adjacent_normal,F2031
GSM1077670,1.1146071010172278,93.0777999670945,adjacent_normal,F2054
GSM1077671,30.223087332224893,-2.212942771688448,adjacent_normal,F2077
GSM1077672,31.4616218499894,3.0460941537449315,adjacent_normal,F2100
GSM1077673,30.201390626582025,14.894762348263658,adjacent_normal,G2005
GSM1077674,37.197412250198255,14.394008319546248,adjacent_normal,G2028
GSM1077675,37.2305921277447,8.426545164173465,adjacent_normal,G2051
GSM1077676,44.377388080774296,-5.964494383626162,adjacent_normal,G2074
GSM1077677,34.933466880771036,2.944876378999737,adjacent_normal,G2097
GSM1077678,28.85456915223166,52.792197497861864,adjacent_normal,H2019
GSM1077679,35.879656204637385,4.258564220423324,adjacent_normal,H2042
GSM1077680,30.13554804823083,6.810283883063736,adjacent_normal,H2065
GSM1077681,27.159565918944466,-2.9707119973653136,adjacent_normal,H2088
GSM1077682,35.436593293225556,4.4753020705343864,adjacent_normal,J2014
GSM1077683,36.77842230140918,-5.737347334778541,adjacent_normal,J2037
GSM1077684,47.26981838991421,-1.2148534216981481,adjacent_normal,J2060
GSM1077685,32.484874883994536,43.59404540518614,adjacent_normal,J2083
GSM1077686,33.86119576626221,-0.13747059315211274,adjacent_normal,K2022
GSM1077687,22.550179415124042,35.00474550432732,adjacent_normal,K2045
GSM1077688,32.62701107730304,23.2761243267763,adjacent_normal,K2068
GSM1077689,28.438489662884678,3.726584617324267,adjacent_normal,K2091
GSM1077690,36.85127078555111,-0.16279083436697306,adjacent_normal,L2020
GSM1077691,44.985468705877224,5.83863357951634,adjacent_normal,L2043
GSM1077692,27.931074765412575,44.90343750323308,adjacent_normal,L2066
GSM1077693,33.4971094988115,15.440383215366015,adjacent_normal,L2089
GSM1077694,7.687612621330899,95.77340387193378,adjacent_normal,M2006
GSM1077695,45.884518741313,-11.719033448572699,adjacent_normal,M2029
GSM1077696,39.109499363772585,3.6677541019554063,adjacent_normal,M2052
GSM1077697,37.05543867103347,29.037967248515532,adjacent_normal,M2075
GSM1077698,39.819722357733795,33.210380040369955,adjacent_normal,M2098
GSM1077699,35.32021786380862,-3.608836885671984,adjacent_normal,N2013
GSM1077700,25.225688261170063,8.287474507645445,adjacent_normal,N2036
GSM1077701,39.948040258416796,6.872483650775408,adjacent_normal,N2059
GSM1077702,34.32275423884718,36.243332277664265,adjacent_normal,N2082
GSM1077703,32.67233096285371,11.08585843560596,adjacent_normal,P2009
GSM1077704,37.16969958720739,24.489427846675387,adjacent_normal,P2032
GSM1077705,26.49291683369303,31.50917126480527,adjacent_normal,P2055
GSM1077706,10.490211115045433,53.16215360811164,adjacent_normal,P2078
GSM1077707,31.91109657710507,1.7707039955847996,adjacent_normal,Q2017
GSM1077708,-27.031806256335745,117.81816405565101,adjacent_normal,Q2040
GSM1077709,35.43796553209765,-2.2042848112195106,adjacent_normal,Q2063
GSM1077710,29.783979984320496,27.351618331577168,adjacent_normal,Q2086
GSM1077711,33.216459082373774,-18.812185308844615,adjacent_normal,R2002
GSM1077712,3.5388641614224596,95.34889743541328,adjacent_normal,R2025
GSM1077713,36.043652929605415,34.188706230825346,adjacent_normal,R2048
GSM1077714,30.616700735576416,19.331301181922907,adjacent_normal,R2071
GSM1077715,31.374138584985616,3.7558512295827597,adjacent_normal,R2094
GSM1077716,39.21785073558817,-7.6576809902283625,adjacent_normal,S2016
GSM1077717,19.087239201402383,20.0326050293525,adjacent_normal,S2039
GSM1077718,40.72032143226856,-5.562216268388653,adjacent_normal,S2062
GSM1077719,38.93060272188977,5.532975219939281,adjacent_normal,T2001
GSM1077720,32.786227778205856,3.4733084574470467,adjacent_normal,T2024
GSM1077721,33.88384512116744,10.72902445431641,adjacent_normal,T2047
GSM1077722,36.78331986690847,-0.931580356760616,adjacent_normal,T2070
GSM1077723,24.533015934308594,74.23138249549028,adjacent_normal,T2093
GSM1077724,29.363936082141976,13.204357363410352,adjacent_normal,V2018
GSM1077725,21.102422213290012,5.825211700642033,adjacent_normal,V2041
GSM1077726,16.300626454340396,65.07544072788414,adjacent_normal,V2064
GSM1077727,37.81506052147709,7.753966823462374,adjacent_normal,V2087
GSM1077728,35.39799040291285,7.134218796870172,adjacent_normal,W2003
GSM1077729,23.170126739747403,7.113856025529589,adjacent_normal,W2026
GSM1077730,32.40594716424988,15.199584023631598,adjacent_normal,W2049
GSM1077731,31.655071528580095,21.81930040919801,adjacent_normal,W2072
GSM1077732,36.39945178390519,6.023885515628059,adjacent_normal,W2095
GSM1077733,36.34789682085423,-4.4419887088699745,adjacent_normal,X2011
GSM1077734,28.7310373722444,-1.3413152062411413,adjacent_normal,X2034
GSM1077735,29.136894118938613,3.5108178425559444,adjacent_normal,X2057
GSM1077736,42.47992118449669,-17.67036369804184,adjacent_normal,X2080
GSM1077737,18.24421522079666,67.17481732490948,adjacent_normal,Y2007
GSM1077738,34.45903652314004,3.9953204841807164,adjacent_normal,Y2030
GSM1077739,36.15378906067478,0.2734671451738748,adjacent_normal,Y2053
GSM1077740,35.84729261222806,-14.420963215633835,adjacent_normal,Y2076
GSM1077741,55.06293757081917,-27.58549776523751,adjacent_normal,Y2099
GSM1077742,28.808569611722746,41.56453911990788,adjacent_normal,Z2015
GSM1077743,36.02113371225646,18.172839930645463,adjacent_normal,Z2038
GSM1077744,27.84419186564689,9.156127238199943,adjacent_normal,Z2061
GSM1077745,36.97313742652203,30.458796199738604,adjacent_normal,Z2084
GSM1077746,-52.70375469645283,33.21577277079069,tumor,A2004
GSM1077747,-48.58406280637676,-27.139047631563514,tumor,A2027
GSM1077748,-66.67499906973197,-15.341425848540794,tumor,A2050
GSM1077749,-59.79638041977033,-19.904519117288288,tumor,A2096
GSM1077750,-37.57935049881582,-19.74603971758247,tumor,B2012
GSM1077751,-44.132201725560385,5.755159604393274,tumor,B2035
GSM1077752,-51.76537601836942,-14.264885993234497,tumor,B2058
GSM1077753,-54.30308456767231,-15.258569993454378,tumor,B2081
GSM1077754,-35.58821022268751,-3.592427442018618,tumor,C2021
GSM1077755,-52.33587523435316,0.39858133447361155,tumor,C2044
GSM1077756,-61.99650935336689,-2.2157467695664828,tumor,C2067
GSM1077757,-46.388407844409535,-34.350126993544635,tumor,C2090
GSM1077758,-57.381767790519646,2.9460205975684772,tumor,D2010
GSM1077759,-31.07881549470727,4.645643420703973,tumor,D2033
GSM1077760,-45.92713459788293,-20.689760599684085,tumor,D2056
GSM1077761,-71.48641141497146,-14.648806886210792,tumor,D2079
GSM1077762,-28.910581004407952,0.4766404819829049,tumor,E2023
GSM1077763,-56.24512647641151,10.156842116521393,tumor,E2046
GSM1077764,6.776916131510021,-0.4081082649729204,tumor,E2069
GSM1077765,-65.30404261682594,-19.285875699113113,tumor,E2092
GSM1077766,-39.28971585232569,-19.42831077125859,tumor,F2008
GSM1077767,-19.651366850023802,-23.061880749803795,tumor,F2031
GSM1077768,-60.901747640528086,-6.81654273505691,tumor,F2054
GSM1077769,-56.93920332532647,-14.074967461546006,tumor,F2077
GSM1077770,-55.6594776760797,-8.195616012617673,tumor,F2100
GSM1077771,-55.24535434873923,17.37908894346175,tumor,G2005
GSM1077772,-55.23325846076507,-18.78897439862133,tumor,G2028
GSM1077773,-47.94381805927304,-6.587021815286839,tumor,G2051
GSM1077774,-68.24101402523488,-12.754797802758077,tumor,G2074
GSM1077775,-60.689256277567296,-23.063540734947175,tumor,G2097
GSM1077776,-46.038910151524405,-12.52536781372676,tumor,H2019
GSM1077777,-57.82039775162643,40.28014255609611,tumor,H2042
GSM1077778,-63.35481799199217,7.459407598005676,tumor,H2065
GSM1077779,-40.98616138117425,-31.630571480347108,tumor,H2088
GSM1077780,-70.77193620626089,-6.542800353060809,tumor,J2014
GSM1077781,-49.07428453009223,-7.001573287419186,tumor,J2037
GSM1077782,-60.26143438207748,13.130866055274616,tumor,J2060
GSM1077783,-47.58563558458037,-15.960090259594233,tumor,J2083
GSM1077784,-66.09448642518706,-20.45267663887821,tumor,K2022
GSM1077785,-49.897258612667414,-21.726066769642628,tumor,K2045
GSM1077786,-64.60572986266682,-9.74220004005086,tumor,K2068
GSM1077787,-29.658184602589746,1.5414685491502915,tumor,K2091
GSM1077788,-55.90999450786696,1.8696173000652188,tumor,L2020
GSM1077789,-56.27764741224763,50.38456554829334,tumor,L2043
GSM1077790,6.506559952311839,7.392977007269717,tumor,L2066
GSM1077791,-64.26482637603334,-21.649271543768243,tumor,L2089
GSM1077792,-53.36691743221753,-15.584792514776387,tumor,M2006
GSM1077793,-59.85326899494913,-19.071759381894967,tumor,M2029
GSM1077794,-72.5715877507661,-17.385931757156218,tumor,M2052
GSM1077795,-44.9901763133236,25.100640903054934,tumor,M2075
GSM1077796,-48.03928075194017,13.68918173380716,tumor,M2098
GSM1077797,-59.97170615782311,-11.76222616196414,tumor,N2013
GSM1077798,-57.80229705613468,5.6751778859843895,tumor,N2036
GSM1077799,-60.55626702329097,-2.7563963065608643,tumor,N2059
GSM1077800,-37.3985195521257,89.94097843112958,tumor,N2082
GSM1077801,-63.78953974814074,-6.487420938607995,tumor,P2009
GSM1077802,-64.13048034541048,-22.511263138371497,tumor,P2032
GSM1077803,-56.81273751555562,-9.983242408874922,tumor,P2055
GSM1077804,-61.867978363281196,16.717381010730836,tumor,P2078
GSM1077805,-60.07655873785232,5.201626948453914,tumor,Q2017
GSM1077806,-36.85952377177946,-17.00821401890291,tumor,Q2040
GSM1077807,-62.02499457007872,15.587749795665818,tumor,Q2063
GSM1077808,-18.78654748816006,15.234172450499297,tumor,Q2086
GSM1077809,-49.359215409756885,-19.10066627601253,tumor,R2002
GSM1077810,-49.36449110804588,-4.830036626671427,tumor,R2025
GSM1077811,-62.602189853932984,-4.174808814098393,tumor,R2048
GSM1077812,-68.33173874645712,-7.5740632469265226,tumor,R2071
GSM1077813,-59.19012077917256,8.257005463855691,tumor,R2094
GSM1077814,-17.750012357162078,-27.304461238840894,tumor,S2016
GSM1077815,-45.565086179065425,-8.177383411688059,tumor,S2039
GSM1077816,-24.803462691243155,-15.375449611090037,tumor,S2062
GSM1077817,-63.00333200885788,7.899616484599285,tumor,T2001
GSM1077818,-32.4316225115035,-9.969680029597814,tumor,T2024
GSM1077819,-52.54332405965421,-29.56630256257141,tumor,T2047
GSM1077820,-64.65669062070309,-0.5287138388546531,tumor,T2070
GSM1077821,-44.13043105050682,29.232772352568336,tumor,T2093
GSM1077822,-54.793980826722866,-4.798103346769103,tumor,V2018
GSM1077823,-36.77451668117683,3.010879950409528,tumor,V2041
GSM1077824,-56.707929335512425,-22.283851760683557,tumor,V2064
GSM1077825,-30.096421861053734,-12.626591801507647,tumor,V2087
GSM1077826,-58.4979800689513,14.134271310989334,tumor,W2003
GSM1077827,-53.60662952470528,-9.141175849623929,tumor,W2026
GSM1077828,-35.67297036998459,41.570472923392686,tumor,W2049
GSM1077829,-48.640518375374995,-11.854169636529823,tumor,W2072
GSM1077830,-51.519937672827815,-4.99650657981336,tumor,W2095
GSM1077831,-44.473832081159536,2.1845894759430493,tumor,X2011
GSM1077832,-55.046907047691505,-11.50000632038831,tumor,X2034
GSM1077833,-10.696299084495152,2.2801200288623704,tumor,X2057
GSM1077834,-29.966438380718635,13.108193185491004,tumor,X2080
GSM1077835,-51.582603526863394,-24.027733524870627,tumor,Y2007
GSM1077836,-70.06157572595149,-11.547611260518421,tumor,Y2030
GSM1077837,-57.79494875237055,22.319696368633647,tumor,Y2053
GSM1077838,-66.56487421187829,7.2353825577432005,tumor,Y2076
GSM1077839,-47.33726784167726,8.057124435984242,tumor,Y2099
GSM1077840,-42.73089781544072,6.795494974092648,tumor,Z2015
GSM1077841,-57.81349928202638,25.828919243753365,tumor,Z2038
GSM1077842,-51.20705825616084,-13.909805648958741,tumor,Z2061
GSM1077843,-49.8158513239747,-20.073669456317422,tumor,Z2084
