"accession","geo_accession","sample_median","sample_iqr","median_robust_z","iqr_robust_z","missing_values","non_finite_values","independent_failure_metrics","technical_outlier_candidate","automatic_exclusion"
"GSE44076","GSM1077598",3.60743196591738,3.43175304465435,-0.86967130498495,0.731002784964357,0,0,0,FALSE,FALSE
"GSE44076","GSM1077599",3.59178572079114,3.39300137285921,-1.15680285707391,0.338303815085749,0,0,0,FALSE,FALSE
"GSE44076","GSM1077600",3.68455554188512,3.08535806273929,0.545659459144035,-2.7792703533998,0,0,0,FALSE,FALSE
"GSE44076","GSM1077601",3.64633312034047,3.24262891225075,-0.155778050888938,-1.18553006468178,0,0,0,FALSE,FALSE
"GSE44076","GSM1077602",3.60620307397682,3.25493854449265,-0.892223274955823,-1.06078757804698,0,0,0,FALSE,FALSE
"GSE44076","GSM1077603",3.66727068589851,3.12263036650269,0.228456993822357,-2.40156289937641,0,0,0,FALSE,FALSE
"GSE44076","GSM1077604",3.64205387371226,3.11882180023249,-0.234308504439583,-2.44015788074733,0,0,0,FALSE,FALSE
"GSE44076","GSM1077605",3.5870038944346,3.37160119262887,-1.24455638595559,0.121440171728608,0,0,0,FALSE,FALSE
"GSE44076","GSM1077606",3.61895031425725,3.28869021825292,-0.658292714809306,-0.718757237074697,0,0,0,FALSE,FALSE
"GSE44076","GSM1077607",3.60016863334126,3.21169493257842,-1.00296411352107,-1.499006655209,0,0,0,FALSE,FALSE
"GSE44076","GSM1077608",3.633965801384,3.18832941170825,-0.382736497372342,-1.73578652950452,0,0,0,FALSE,FALSE
"GSE44076","GSM1077609",3.60534877166115,3.35446717845806,-0.907900975763377,-0.0521912976524667,0,0,0,FALSE,FALSE
"GSE44076","GSM1077610",3.60944749548239,3.33601299695362,-0.832683380558736,-0.239200986035922,0,0,0,FALSE,FALSE
"GSE44076","GSM1077611",3.59039400215805,3.26130013769366,-1.18234293572963,-0.996320911678949,0,0,0,FALSE,FALSE
"GSE44076","GSM1077612",3.62146387671779,3.24099389489758,-0.612165156104689,-1.20209888869842,0,0,0,FALSE,FALSE
"GSE44076","GSM1077613",3.58585154341019,3.34060002528224,-1.26570371782466,-0.192717280533502,0,0,0,FALSE,FALSE
"GSE44076","GSM1077614",3.60813591938654,3.36978876696528,-0.856752726081957,0.103073539836282,0,0,0,FALSE,FALSE
"GSE44076","GSM1077615",3.59653579091974,3.24832243728841,-1.06963210156351,-1.12783342054501,0,0,0,FALSE,FALSE
"GSE44076","GSM1077616",3.58476929150865,3.40208678685416,-1.2855646279493,0.430372945305414,0,0,0,FALSE,FALSE
"GSE44076","GSM1077617",3.58942635795707,3.25241147909791,-1.20010062641237,-1.08639617585348,0,0,0,FALSE,FALSE
"GSE44076","GSM1077618",3.58520605637852,3.33163927443708,-1.2775493518257,-0.283523108081661,0,0,0,FALSE,FALSE
"GSE44076","GSM1077619",3.58674608340184,3.29810610734848,-1.24928759663163,-0.623339161491677,0,0,0,FALSE,FALSE
"GSE44076","GSM1077620",3.58586807777017,3.39370683777382,-1.26540028806202,0.345452805888416,0,0,0,FALSE,FALSE
"GSE44076","GSM1077621",3.60188360821799,3.31688941372888,-0.971491808557326,-0.432994210556554,0,0,0,FALSE,FALSE
"GSE44076","GSM1077622",3.61941936860976,3.21501026919638,-0.649684879308617,-1.46540992984565,0,0,0,FALSE,FALSE
"GSE44076","GSM1077623",3.5822452374679,3.10933590598006,-1.33188472254262,-2.53628536967215,0,0,0,FALSE,FALSE
"GSE44076","GSM1077624",3.63222750559609,3.3385298784035,-0.414636775269489,-0.213695589574656,0,0,0,FALSE,FALSE
"GSE44076","GSM1077625",3.59670708754016,3.11809274662444,-1.06648855727589,-2.44754591299484,0,0,0,FALSE,FALSE
"GSE44076","GSM1077626",3.60047126486361,3.30367903595699,-0.997410381106503,-0.566864608978423,0,0,0,FALSE,FALSE
"GSE44076","GSM1077627",3.68246492140375,3.09447689416638,0.507293506239556,-2.68686257995345,0,0,0,FALSE,FALSE
"GSE44076","GSM1077628",3.61318989155701,3.26437586990721,-0.764004922259904,-0.965152272600128,0,0,0,FALSE,FALSE
"GSE44076","GSM1077629",3.57283319639141,3.30527584434754,-1.50460948435043,-0.550682984263609,0,0,0,FALSE,FALSE
"GSE44076","GSM1077630",3.59414746670317,3.31762592052949,-1.11346135475883,-0.425530649669791,0,0,0,FALSE,FALSE
"GSE44076","GSM1077631",3.58951096659833,3.29189944362312,-1.19854793371902,-0.686235814421051,0,0,0,FALSE,FALSE
"GSE44076","GSM1077632",3.65027883420619,3.1965499051188,-0.0833684128434413,-1.65248227075457,0,0,0,FALSE,FALSE
"GSE44076","GSM1077633",3.6355770900037,3.28230539263237,-0.353166987339457,-0.783459334504214,0,0,0,FALSE,FALSE
"GSE44076","GSM1077634",3.60554537693386,3.32770390834457,-0.904292980576961,-0.32340304458598,0,0,0,FALSE,FALSE
"GSE44076","GSM1077635",3.60844851555553,3.36257553355687,-0.8510161277828,0.0299765817501762,0,0,0,FALSE,FALSE
"GSE44076","GSM1077636",3.62402436235355,3.31504062092968,-0.565176488295415,-0.451729377173496,0,0,0,FALSE,FALSE
"GSE44076","GSM1077637",3.61520300905045,3.2845128739569,-0.727061262885602,-0.76108931530217,0,0,0,FALSE,FALSE
"GSE44076","GSM1077638",3.62569455046364,3.26195524117296,-0.534526086204582,-0.989682270052195,0,0,0,FALSE,FALSE
"GSE44076","GSM1077639",3.60433083247827,3.31451435896033,-0.926581653149732,-0.457062373755918,0,0,0,FALSE,FALSE
"GSE44076","GSM1077640",3.61194479590142,3.33106776166775,-0.786854254173292,-0.289314664042846,0,0,0,FALSE,FALSE
"GSE44076","GSM1077641",3.66638787738566,3.40663216158985,0.212256162476129,0.476434544553387,0,0,0,FALSE,FALSE
"GSE44076","GSM1077642",3.57773818307867,3.33997587868737,-1.41459578271629,-0.199042213459116,0,0,0,FALSE,FALSE
"GSE44076","GSM1077643",3.59979901567341,3.36763149581002,-1.00974713997835,0.0812123369210186,0,0,0,FALSE,FALSE
"GSE44076","GSM1077644",3.60894282104214,3.33953856773902,-0.841944896926418,-0.203473804432568,0,0,0,FALSE,FALSE
"GSE44076","GSM1077645",3.67841697092598,3.32405820015111,0.433007676375407,-0.360347666217153,0,0,0,FALSE,FALSE
"GSE44076","GSM1077646",3.57986065775273,3.39177881105541,-1.37564525864392,0.325914704146139,0,0,0,FALSE,FALSE
"GSE44076","GSM1077647",3.5830059832251,3.19790225075406,-1.31792392183625,-1.63877796553915,0,0,0,FALSE,FALSE
"GSE44076","GSM1077648",3.67840427468766,3.30320624377952,0.432774681775931,-0.571655757139535,0,0,0,FALSE,FALSE
"GSE44076","GSM1077649",3.6442431302608,3.4077152865332,-0.194132434997314,0.487410640030113,0,0,0,FALSE,FALSE
"GSE44076","GSM1077650",3.72773026990439,3.33175002038895,1.33797905833027,-0.282400838533013,0,0,0,FALSE,FALSE
"GSE44076","GSM1077651",3.65624559861071,3.35937895714188,0.0261304675970558,-0.00241665980960152,0,0,0,FALSE,FALSE
"GSE44076","GSM1077652",3.59816842886293,3.18657857512436,-1.03967080012365,-1.75352903430676,0,0,0,FALSE,FALSE
"GSE44076","GSM1077653",3.72036343290801,3.45764557910942,1.20278679183509,0.993390732039472,0,0,0,FALSE,FALSE
"GSE44076","GSM1077654",3.66867612630158,3.32267780281032,0.254248887087874,-0.37433623983584,0,0,0,FALSE,FALSE
"GSE44076","GSM1077655",3.67596664446714,3.15093961395718,0.388040591073137,-2.11468463584787,0,0,0,FALSE,FALSE
"GSE44076","GSM1077656",3.63790391202662,3.43439331277529,-0.310466389625086,0.757758548606707,0,0,0,FALSE,FALSE
"GSE44076","GSM1077657",3.65501723300759,3.22765256085171,0.00358815669034952,-1.33729636261169,0,0,0,FALSE,FALSE
"GSE44076","GSM1077658",3.64530679641413,3.37369470511869,-0.174612600618859,0.142655261558168,0,0,0,FALSE,FALSE
"GSE44076","GSM1077659",3.71309461939021,3.09117099187392,1.06939339997834,-2.72036370041173,0,0,0,FALSE,FALSE
"GSE44076","GSM1077660",3.70244125758543,3.3296315731533,0.873888581710874,-0.303868610338544,0,0,0,FALSE,FALSE
"GSE44076","GSM1077661",3.60698661134545,3.3948738696129,-0.877844214742911,0.35727919117172,0,0,0,FALSE,FALSE
"GSE44076","GSM1077662",3.66658078480847,3.25386904923956,0.215796296692016,-1.07162555392582,0,0,0,FALSE,FALSE
"GSE44076","GSM1077663",3.64604124744244,3.30758587889402,-0.161134346763549,-0.527273718423877,0,0,0,FALSE,FALSE
"GSE44076","GSM1077664",3.65783460220935,3.35875579099749,0.0552910148000229,-0.00873165711500537,0,0,0,FALSE,FALSE
"GSE44076","GSM1077665",3.7108341546287,3.33872048742728,1.027910555361,-0.21176400923707,0,0,0,FALSE,FALSE
"GSE44076","GSM1077666",3.65008257166133,3.43589295945902,-0.0869701184710051,0.772955562841214,0,0,0,FALSE,FALSE
"GSE44076","GSM1077667",3.64561663340329,3.36157772599659,-0.168926637317365,0.0198650695777243,0,0,0,FALSE,FALSE
"GSE44076","GSM1077668",3.68245973927295,3.36807158719506,0.5071984065368,0.0856721040885383,0,0,0,FALSE,FALSE
"GSE44076","GSM1077669",3.73039385319363,3.41543052231743,1.3868597193315,0.5655947545337,0,0,0,FALSE,FALSE
"GSE44076","GSM1077670",3.7192592362078,3.40795940331957,1.18252316246047,0.48988445357404,0,0,0,FALSE,FALSE
"GSE44076","GSM1077671",3.62992609244102,3.29215546000882,-0.456871082982431,-0.683641413553146,0,0,0,FALSE,FALSE
"GSE44076","GSM1077672",3.6722350749002,3.37678002262405,0.319560815073238,0.173921035393924,0,0,0,FALSE,FALSE
"GSE44076","GSM1077673",3.67130449560258,3.45445220101147,0.302483319743849,0.961029901360287,0,0,0,FALSE,FALSE
"GSE44076","GSM1077674",3.69378786376088,3.29127723717497,0.715086109959249,-0.692541086424033,0,0,0,FALSE,FALSE
"GSE44076","GSM1077675",3.66849918078821,3.32010701535413,0.251001677327439,-0.400387905197729,0,0,0,FALSE,FALSE
"GSE44076","GSM1077676",3.62880234136617,3.29752115140113,-0.47749356381919,-0.629266946986034,0,0,0,FALSE,FALSE
"GSE44076","GSM1077677",3.61285782782313,3.34932826399889,-0.770098778934798,-0.104267668062511,0,0,0,FALSE,FALSE
"GSE44076","GSM1077678",3.70349087307419,3.38929914790359,0.893150565781476,0.300786467859534,0,0,0,FALSE,FALSE
"GSE44076","GSM1077679",3.68331826856215,3.31060705706837,0.522953678510049,-0.496657915235753,0,0,0,FALSE,FALSE
"GSE44076","GSM1077680",3.68334897653724,3.38075763191681,0.523517214903497,0.21422905307385,0,0,0,FALSE,FALSE
"GSE44076","GSM1077681",3.62748295319827,3.41674040924276,-0.501706272325225,0.578868794656497,0,0,0,FALSE,FALSE
"GSE44076","GSM1077682",3.65213368492907,3.2823483863645,-0.0493291808961859,-0.783023647641222,0,0,0,FALSE,FALSE
"GSE44076","GSM1077683",3.70483078612024,3.25547582346888,0.91773993591291,-1.05534293809396,0,0,0,FALSE,FALSE
"GSE44076","GSM1077684",3.63034636634376,3.18474397365503,-0.449158440298905,-1.77212038982175,0,0,0,FALSE,FALSE
"GSE44076","GSM1077685",3.70507779225517,3.35102729792114,0.922272860862357,-0.0870501174343506,0,0,0,FALSE,FALSE
"GSE44076","GSM1077686",3.63791938790391,3.29914226878585,-0.310182384572694,-0.612838981493369,0,0,0,FALSE,FALSE
"GSE44076","GSM1077687",3.73988627737661,3.0557970884967,1.56105962907065,-3.07883327793745,0,0,0,FALSE,FALSE
"GSE44076","GSM1077688",3.68701513485192,3.37710443798784,0.590796598461952,0.177208573021873,0,0,0,FALSE,FALSE
"GSE44076","GSM1077689",3.70229775951364,3.2060689382474,0.871255181572868,-1.55601896141389,0,0,0,FALSE,FALSE
"GSE44076","GSM1077690",3.67596032585783,3.33840682111335,0.387924635322405,-0.214942618898509,0,0,0,FALSE,FALSE
"GSE44076","GSM1077691",3.64173880733082,3.25011785245617,-0.240090434761238,-1.10963916842056,0,0,0,FALSE,FALSE
"GSE44076","GSM1077692",3.7108100535771,3.40305561235121,1.02746826570646,0.440190761081117,0,0,0,FALSE,FALSE
"GSE44076","GSM1077693",3.6680847839184,3.39262764186975,0.243396886820131,0.334516526234079,0,0,0,FALSE,FALSE
"GSE44076","GSM1077694",3.71915255009847,3.28698778668782,1.18056531583891,-0.736009218497292,0,0,0,FALSE,FALSE
"GSE44076","GSM1077695",3.62539624661973,3.03144918999664,-0.540000399370819,-3.32556830166059,0,0,0,FALSE,FALSE
"GSE44076","GSM1077696",3.65281677266726,3.3975698164751,-0.0367935187680014,0.384599188131628,0,0,0,FALSE,FALSE
"GSE44076","GSM1077697",3.68851662955557,3.40095887307964,0.618351229060804,0.418942971917202,0,0,0,FALSE,FALSE
"GSE44076","GSM1077698",3.70352780115534,3.4185802990392,0.893828250246345,0.59751374064935,0,0,0,FALSE,FALSE
"GSE44076","GSM1077699",3.6439108447647,3.43956422947489,-0.200230361334409,0.810159221073102,0,0,0,FALSE,FALSE
"GSE44076","GSM1077700",3.66435882261587,3.47916206372243,0.175020030699867,1.21143297258087,0,0,0,FALSE,FALSE
"GSE44076","GSM1077701",3.65073815559215,3.32263103339614,-0.0749391915577035,-0.374810188440379,0,0,0,FALSE,FALSE
"GSE44076","GSM1077702",3.69731125265274,3.39106651002578,0.779745465157312,0.318696438001107,0,0,0,FALSE,FALSE
"GSE44076","GSM1077703",3.6569044372139,3.23342729048926,0.0382211225229974,-1.27877681300413,0,0,0,FALSE,FALSE
"GSE44076","GSM1077704",3.66783803473687,3.36526787965402,0.238868677342564,0.0572600895300684,0,0,0,FALSE,FALSE
"GSE44076","GSM1077705",3.65147779694007,3.32868390241494,-0.0613656877231705,-0.313472049506411,0,0,0,FALSE,FALSE
"GSE44076","GSM1077706",3.71990786584038,3.45885186590998,1.19442646779855,1.00561491649437,0,0,0,FALSE,FALSE
"GSE44076","GSM1077707",3.66448264124559,3.35148403685671,0.177292284205066,-0.0824216484885699,0,0,0,FALSE,FALSE
"GSE44076","GSM1077708",3.65704464791583,3.26776858419932,0.0407941946014114,-0.930771422797084,0,0,0,FALSE,FALSE
"GSE44076","GSM1077709",3.65434185151863,3.39171815009043,-0.00880608445907125,0.325299982319797,0,0,0,FALSE,FALSE
"GSE44076","GSM1077710",3.72531591437206,3.37391978292475,1.29367209230119,0.144936139220726,0,0,0,FALSE,FALSE
"GSE44076","GSM1077711",3.59107369367117,3.39279464640317,-1.16986959931384,0.3362089050451,0,0,0,FALSE,FALSE
"GSE44076","GSM1077712",3.71778559565716,3.3013781349842,1.15547969643305,-0.590181317650625,0,0,0,FALSE,FALSE
"GSE44076","GSM1077713",3.6869997956848,3.46225791984226,0.590515102241772,1.04013094660597,0,0,0,FALSE,FALSE
"GSE44076","GSM1077714",3.7271699322534,3.29483300735101,1.32769604038415,-0.656507872356816,0,0,0,FALSE,FALSE
"GSE44076","GSM1077715",3.68442649933046,3.37337066005813,0.543291338952538,0.139371476483126,0,0,0,FALSE,FALSE
"GSE44076","GSM1077716",3.67130453858153,3.25341853351308,0.302484108470482,-1.07619095855239,0,0,0,FALSE,FALSE
"GSE44076","GSM1077717",3.72695952197459,3.27525417355145,1.32383470308294,-0.854914483177685,0,0,0,FALSE,FALSE
"GSE44076","GSM1077718",3.6686824087258,3.11034205054574,0.254364178789126,-2.52608937253997,0,0,0,FALSE,FALSE
"GSE44076","GSM1077719",3.67215411554804,3.22476101965521,0.318075092188738,-1.36659845969875,0,0,0,FALSE,FALSE
"GSE44076","GSM1077720",3.65462618452322,3.21956235053422,-0.00358815669034952,-1.41928036770379,0,0,0,FALSE,FALSE
"GSE44076","GSM1077721",3.66509451122158,3.43854333647138,0.188520995916049,0.799813767257433,0,0,0,FALSE,FALSE
"GSE44076","GSM1077722",3.71733148251002,3.30312863186179,1.14714605397067,-0.57244225534022,0,0,0,FALSE,FALSE
"GSE44076","GSM1077723",3.72508084398677,3.39271210833843,1.28935820586809,0.335372486601772,0,0,0,FALSE,FALSE
"GSE44076","GSM1077724",3.68921772456883,3.38815319973179,0.631217351104303,0.289173738762936,0,0,0,FALSE,FALSE
"GSE44076","GSM1077725",3.70593543393421,3.4054293787734,0.938011843886843,0.464245868526578,0,0,0,FALSE,FALSE
"GSE44076","GSM1077726",3.73981604942763,3.45568626098183,1.55977084317801,0.973535531612592,0,0,0,FALSE,FALSE
"GSE44076","GSM1077727",3.68010119121251,3.36517593916981,0.463915589489994,0.0563283895086651,0,0,0,FALSE,FALSE
"GSE44076","GSM1077728",3.6055108539708,3.38887422822107,-0.904926527596395,0.296480446625477,0,0,0,FALSE,FALSE
"GSE44076","GSM1077729",3.6662445171536,3.44315645476507,0.209625291899312,0.846561861415505,0,0,0,FALSE,FALSE
"GSE44076","GSM1077730",3.6386173701578,3.42911355687916,-0.297373386230244,0.704254929134949,0,0,0,FALSE,FALSE
"GSE44076","GSM1077731",3.71024509546396,3.2905686604082,1.01710045550137,-0.699721611895569,0,0,0,FALSE,FALSE
"GSE44076","GSM1077732",3.67574086638461,3.347580338501,0.383897232028007,-0.121980672705899,0,0,0,FALSE,FALSE
"GSE44076","GSM1077733",3.64056118450108,3.27014425456929,-0.261701541333477,-0.906697021259211,0,0,0,FALSE,FALSE
"GSE44076","GSM1077734",3.61645505600265,3.50255065549645,-0.704084364481403,1.44844664118145,0,0,0,FALSE,FALSE
"GSE44076","GSM1077735",3.6584561210978,3.34688373669201,0.0666967982101677,-0.129039847191342,0,0,0,FALSE,FALSE
"GSE44076","GSM1077736",3.45577497520522,2.82131247723726,-3.65279957486614,-5.45503696227846,0,0,1,FALSE,FALSE
"GSE44076","GSM1077737",3.76037217942855,3.435959485893,1.93700598582631,0.77362972374542,0,0,0,FALSE,FALSE
"GSE44076","GSM1077738",3.69548125228463,3.36127093912609,0.746162273677163,0.0167561743368882,0,0,0,FALSE,FALSE
"GSE44076","GSM1077739",3.66847771121284,3.33408111880196,0.250607679122146,-0.258778117162069,0,0,0,FALSE,FALSE
"GSE44076","GSM1077740",3.62267666151579,3.32474297291945,-0.589908775829967,-0.353408364032986,0,0,0,FALSE,FALSE
"GSE44076","GSM1077741",3.55873952503527,3.09377712304932,-1.763249030035,-2.69395387135038,0,0,0,FALSE,FALSE
"GSE44076","GSM1077742",3.71567129742962,3.37714604664411,1.11667922214973,0.177630223900331,0,0,0,FALSE,FALSE
"GSE44076","GSM1077743",3.67088011402288,3.33745352187194,0.294695295161832,-0.22460309579521,0,0,0,FALSE,FALSE
"GSE44076","GSM1077744",3.63463054885645,3.47399609406166,-0.370537406026804,1.15908243206915,0,0,0,FALSE,FALSE
"GSE44076","GSM1077745",3.7311463141928,3.40034172714609,1.40066848257373,0.412688981801588,0,0,0,FALSE,FALSE
"GSE44076","GSM1077746",3.74652225422856,3.47556436109084,1.68283953969798,1.17497482634085,0,0,0,FALSE,FALSE
"GSE44076","GSM1077747",3.58586783680673,3.44029131142664,-1.26540471009467,0.81752727308849,0,0,0,FALSE,FALSE
"GSE44076","GSM1077748",3.63132992918337,3.52419968079845,-0.431108619243768,1.66783201324787,0,0,0,FALSE,FALSE
"GSE44076","GSM1077749",3.61319265256848,3.35359659806701,-0.76395425364885,-0.0610135240732908,0,0,0,FALSE,FALSE
"GSE44076","GSM1077750",3.60109274242662,3.46558260611699,-0.986005356078743,1.07382241886444,0,0,0,FALSE,FALSE
"GSE44076","GSM1077751",3.70543922926682,3.33234440823243,0.928905760276788,-0.276377472752117,0,0,0,FALSE,FALSE
"GSE44076","GSM1077752",3.56611925923341,3.40262542694665,-1.62782008096651,0.435831378442793,0,0,0,FALSE,FALSE
"GSE44076","GSM1077753",3.61907391711592,3.35446089108936,-0.656024421019455,-0.0522550121478392,0,0,0,FALSE,FALSE
"GSE44076","GSM1077754",3.67260875607157,3.37804782183361,0.326418412781602,0.186768569978721,0,0,0,FALSE,FALSE
"GSE44076","GSM1077755",3.69590320689406,3.38339049593506,0.753905759794035,0.240909785540461,0,0,0,FALSE,FALSE
"GSE44076","GSM1077756",3.60195863811719,3.5062631709965,-0.970114899833394,1.48606827000398,0,0,0,FALSE,FALSE
"GSE44076","GSM1077757",3.57426214120958,3.35088066899635,-1.47838625058533,-0.0885360153337762,0,0,0,FALSE,FALSE
"GSE44076","GSM1077758",3.67785552035526,3.47216053155101,0.422704234719409,1.14048133762112,0,0,0,FALSE,FALSE
"GSE44076","GSM1077759",3.6695318734932,3.4612742015095,0.269953103488826,1.03016221085782,0,0,0,FALSE,FALSE
"GSE44076","GSM1077760",3.62667328707298,3.56321226148895,-0.516564833555341,2.06317496336522,0,0,0,FALSE,FALSE
"GSE44076","GSM1077761",3.58941934032713,3.44953264600862,-1.20022941021711,0.911176460401821,0,0,0,FALSE,FALSE
"GSE44076","GSM1077762",3.75692597262072,3.37816887346988,1.87376303510118,0.187995274548205,0,0,0,FALSE,FALSE
"GSE44076","GSM1077763",3.68594013781438,3.33938419990873,0.57106882573493,-0.205038126308978,0,0,0,FALSE,FALSE
"GSE44076","GSM1077764",3.67965891342883,3.46741410531024,0.455799143310212,1.09238233675205,0,0,0,FALSE,FALSE
"GSE44076","GSM1077765",3.57940856150568,3.54666981068122,-1.38394188803081,1.89553823724387,0,0,0,FALSE,FALSE
"GSE44076","GSM1077766",3.63734373410961,3.42527322922152,-0.320746476218475,0.665338086446854,0,0,0,FALSE,FALSE
"GSE44076","GSM1077767",3.63615752081565,3.400708736364,-0.342515230411778,0.416408154036892,0,0,0,FALSE,FALSE
"GSE44076","GSM1077768",3.71043181512602,3.50850249529707,1.02052703522964,1.50876097732009,0,0,0,FALSE,FALSE
"GSE44076","GSM1077769",3.6178578222735,3.47936644837306,-0.678341545465236,1.21350415139829,0,0,0,FALSE,FALSE
"GSE44076","GSM1077770",3.61133359693093,3.25015741013992,-0.798070651948949,-1.10923830154337,0,0,0,FALSE,FALSE
"GSE44076","GSM1077771",3.66929060868727,3.34155819077923,0.265525540349496,-0.183007490317755,0,0,0,FALSE,FALSE
"GSE44076","GSM1077772",3.64052383938161,3.51168939682759,-0.262386879063362,1.54105617621519,0,0,0,FALSE,FALSE
"GSE44076","GSM1077773",3.70100564956555,3.54988428668444,0.847543068419199,1.92811286839372,0,0,0,FALSE,FALSE
"GSE44076","GSM1077774",3.63790654756382,3.25684239544717,-0.310418023651073,-1.04149446696283,0,0,0,FALSE,FALSE
"GSE44076","GSM1077775",3.55625811457554,3.31132192866426,-1.80878655235588,-0.489413599667006,0,0,0,FALSE,FALSE
"GSE44076","GSM1077776",3.63106930181258,3.49337987935496,-0.435891513854373,1.35551247403661,0,0,0,FALSE,FALSE
"GSE44076","GSM1077777",3.73469964884892,3.44907055360417,1.46587738647828,0.906493740849059,0,0,0,FALSE,FALSE
"GSE44076","GSM1077778",3.69404717741664,3.32100553593554,0.719844895971766,-0.391282540438257,0,0,0,FALSE,FALSE
"GSE44076","GSM1077779",3.60582728436251,3.53649333680313,-0.899119565685318,1.79241260101203,0,0,0,FALSE,FALSE
"GSE44076","GSM1077780",3.62454159313626,3.54476798872161,-0.555684544622707,1.87626568744583,0,0,0,FALSE,FALSE
"GSE44076","GSM1077781",3.6999329993716,3.41804822273256,0.827858363715087,0.592121823143991,0,0,0,FALSE,FALSE
"GSE44076","GSM1077782",3.69655742115514,3.2899761743023,0.765911551258113,-0.705725705981766,0,0,0,FALSE,FALSE
"GSE44076","GSM1077783",3.59155582249181,3.3321462200741,-1.16102182814193,-0.278385857991012,0,0,0,FALSE,FALSE
"GSE44076","GSM1077784",3.62105526267232,3.4795030242984,-0.619663823301432,1.214888174918,0,0,0,FALSE,FALSE
"GSE44076","GSM1077785",3.62783865749378,3.54378505115304,-0.495178576662062,1.86630486375095,0,0,0,FALSE,FALSE
"GSE44076","GSM1077786",3.65706555358636,3.53429448538622,0.0411778443256117,1.77013003496162,0,0,0,FALSE,FALSE
"GSE44076","GSM1077787",3.7250910527203,3.35617834900465,1.28954555110528,-0.0348507577531159,0,0,0,FALSE,FALSE
"GSE44076","GSM1077788",3.6412636227102,3.42300458950247,-0.248810769675299,0.642348304601958,0,0,0,FALSE,FALSE
"GSE44076","GSM1077789",3.74428869456191,3.39619546716967,1.64185044304287,0.370671903668943,0,0,0,FALSE,FALSE
"GSE44076","GSM1077790",3.69337637985264,3.29672909378286,0.707534776570276,-0.637293444847134,0,0,0,FALSE,FALSE
"GSE44076","GSM1077791",3.60479212841896,3.43843875975862,-0.918116195888019,0.798754015110732,0,0,0,FALSE,FALSE
"GSE44076","GSM1077792",3.6391795351627,3.27262711005144,-0.287056833658911,-0.881536434759874,0,0,0,FALSE,FALSE
"GSE44076","GSM1077793",3.70639042688802,2.91387589383629,0.946361632092335,-4.51702431242301,0,0,0,FALSE,FALSE
"GSE44076","GSM1077794",3.58241130288198,3.30579082214624,-1.32883717856586,-0.545464338416999,0,0,0,FALSE,FALSE
"GSE44076","GSM1077795",3.69040714840878,3.4214977592611,0.653045023526838,0.627078494135516,0,0,0,FALSE,FALSE
"GSE44076","GSM1077796",3.71926996315213,3.27503756686961,1.182720017626,-0.857109516756506,0,0,0,FALSE,FALSE
"GSE44076","GSM1077797",3.65414464061703,3.55111636840391,-0.0124251938241338,1.94059845158608,0,0,0,FALSE,FALSE
"GSE44076","GSM1077798",3.64854359108802,3.51706503491754,-0.115212669772253,1.5955314399283,0,0,0,FALSE,FALSE
"GSE44076","GSM1077799",3.65415069141878,3.26453702613677,-0.0123141527350856,-0.96351915891996,0,0,0,FALSE,FALSE
"GSE44076","GSM1077800",3.68872729256276,3.32546073151769,0.622217204298466,-0.346134792362636,0,0,0,FALSE,FALSE
"GSE44076","GSM1077801",3.66195605767004,3.46945537273536,0.130925768937163,1.11306798921446,0,0,0,FALSE,FALSE
"GSE44076","GSM1077802",3.60971265540766,3.45462363576401,-0.827817306923943,0.962767174814676,0,0,0,FALSE,FALSE
"GSE44076","GSM1077803",3.62885738038837,3.47166028957129,-0.476483517016046,1.13541202058197,0,0,0,FALSE,FALSE
"GSE44076","GSM1077804",3.71588254666066,3.41971394296008,1.1205559554551,0.609001781792247,0,0,0,FALSE,FALSE
"GSE44076","GSM1077805",3.66898380917625,3.39953845350461,0.259895319228159,0.404548823792271,0,0,0,FALSE,FALSE
"GSE44076","GSM1077806",3.66939062504846,3.38588944714677,0.267360987307547,0.266233481813576,0,0,0,FALSE,FALSE
"GSE44076","GSM1077807",3.7087736740985,3.50992059090025,0.990097714777851,1.52313157494239,0,0,0,FALSE,FALSE
"GSE44076","GSM1077808",3.72869571361364,3.34814824434673,1.35569636676153,-0.116225668333791,0,0,0,FALSE,FALSE
"GSE44076","GSM1077809",3.66380292941186,3.54793621638221,0.164818574876133,1.90837165038943,0,0,0,FALSE,FALSE
"GSE44076","GSM1077810",3.6732149554123,3.17662212430605,0.337543060016394,-1.85442501630896,0,0,0,FALSE,FALSE
"GSE44076","GSM1077811",3.66993565820095,3.46833757353677,0.277363145253572,1.10174051420534,0,0,0,FALSE,FALSE
"GSE44076","GSM1077812",3.6527416093219,3.45227937665806,-0.0381728764246841,0.939011086537975,0,0,0,FALSE,FALSE
"GSE44076","GSM1077813",3.74026453778288,3.5231787245398,1.56800126245731,1.65748591842181,0,0,0,FALSE,FALSE
"GSE44076","GSM1077814",3.61286294462125,3.51191433428804,-0.770004878182773,1.5433356316532,0,0,0,FALSE,FALSE
"GSE44076","GSM1077815",3.64305436717513,3.38947127220359,-0.215947981609432,0.302530729001627,0,0,0,FALSE,FALSE
"GSE44076","GSM1077816",3.67628879883213,3.28202098740599,0.393952596291326,-0.786341420211845,0,0,0,FALSE,FALSE
"GSE44076","GSM1077817",3.69697822933361,3.3443441732881,0.773633998685058,-0.154775096445338,0,0,0,FALSE,FALSE
"GSE44076","GSM1077818",3.65107414253978,3.37910131071156,-0.0687733381548743,0.197444341577309,0,0,0,FALSE,FALSE
"GSE44076","GSM1077819",3.62999287361759,3.29913431447793,-0.455645550420085,-0.612919588300254,0,0,0,FALSE,FALSE
"GSE44076","GSM1077820",3.62851768364285,3.51751019305483,-0.482717450652699,1.6000425521938,0,0,0,FALSE,FALSE
"GSE44076","GSM1077821",3.71027677827591,3.43212964506262,1.01768188158124,0.734819151730806,0,0,0,FALSE,FALSE
"GSE44076","GSM1077822",3.69220001245417,3.34537969332911,0.685946709003639,-0.14428141618445,0,0,0,FALSE,FALSE
"GSE44076","GSM1077823",3.733036641004,3.3598559108136,1.43535875278725,0.00241665980959702,0,0,0,FALSE,FALSE
"GSE44076","GSM1077824",3.58994252274344,3.4814007187515,-1.19062824533638,1.23411889768054,0,0,0,FALSE,FALSE
"GSE44076","GSM1077825",3.66910809697698,3.49542940164117,0.262176182709524,1.37628177903058,0,0,0,FALSE,FALSE
"GSE44076","GSM1077826",3.64147512319876,3.41033119559415,-0.244929425425769,0.513919555541158,0,0,0,FALSE,FALSE
"GSE44076","GSM1077827",3.67728065410786,3.47262308476296,0.412154595714879,1.1451687268726,0,0,0,FALSE,FALSE
"GSE44076","GSM1077828",3.73643657254597,3.41940240623875,1.49775248449513,0.605844752846685,0,0,0,FALSE,FALSE
"GSE44076","GSM1077829",3.63609003189627,3.3795443031369,-0.343753751092969,0.201933507103272,0,0,0,FALSE,FALSE
"GSE44076","GSM1077830",3.6737437741866,3.51372779650411,0.34724766033511,1.56171276768824,0,0,0,FALSE,FALSE
"GSE44076","GSM1077831",3.71679535646038,3.25091487441808,1.13730735442917,-1.10156236324254,0,0,0,FALSE,FALSE
"GSE44076","GSM1077832",3.61827760293214,3.43887402024174,-0.670637954534764,0.80316482722372,0,0,0,FALSE,FALSE
"GSE44076","GSM1077833",3.70859206775787,3.30260756743883,0.986764971999311,-0.577722581392213,0,0,0,FALSE,FALSE
"GSE44076","GSM1077834",3.69072526817788,3.33408997727997,0.658882987991452,-0.258688347739769,0,0,0,FALSE,FALSE
"GSE44076","GSM1077835",3.64093541210244,3.22813070653687,-0.254833915833139,-1.33245096345042,0,0,0,FALSE,FALSE
"GSE44076","GSM1077836",3.6104079982374,3.4567508180442,-0.815056745886697,0.984323465201054,0,0,0,FALSE,FALSE
"GSE44076","GSM1077837",3.7172499861296,3.31405071764505,1.14565047582959,-0.461760789552499,0,0,0,FALSE,FALSE
"GSE44076","GSM1077838",3.66366104897299,3.45801854682769,0.162214860675477,0.997170286107109,0,0,0,FALSE,FALSE
"GSE44076","GSM1077839",3.69525624894425,3.38960457126606,0.742033132287088,0.303881545678525,0,0,0,FALSE,FALSE
"GSE44076","GSM1077840",3.77003557894495,3.50023776816398,2.11434354376507,1.42500846597942,0,0,0,FALSE,FALSE
"GSE44076","GSM1077841",3.71964064542508,3.44492480668029,1.18952258114875,0.864481861852128,0,0,0,FALSE,FALSE
"GSE44076","GSM1077842",3.58487334399907,3.44664340249691,-1.28365511209858,0.881897647431514,0,0,0,FALSE,FALSE
"GSE44076","GSM1077843",3.66775530667973,3.51699708163834,0.237350496126851,1.59484281976029,0,0,0,FALSE,FALSE
