geo_accession,sample_median,robust_z,outlier_candidate,automatic_exclusion
GSM1077598,3.6094,-1.0413456468955966,False,False
GSM1077599,3.5999,-1.2191534859521365,False,False
GSM1077600,3.6951,0.562668227540759,False,False
GSM1077601,3.6486,-0.3076543531044034,False,False
GSM1077602,3.6150249999999997,-0.9360646895594925,False,False
GSM1077603,3.6786000000000003,0.2538440860215126,False,False
GSM1077604,3.655725,-0.17429847381200272,False,False
GSM1077605,3.59185,-1.3698222337842538,False,False
GSM1077606,3.62965,-0.6623342004856086,False,False
GSM1077607,3.61475,-0.9412117585848097,False,False
GSM1077608,3.6422999999999996,-0.42556902532085256,False,False
GSM1077609,3.6093,-1.0432173083593452,False,False
GSM1077610,3.613875,-0.9575887963926439,False,False
GSM1077611,3.6013,-1.1929502254595883,False,False
GSM1077612,3.6275749999999998,-0.7011711758584851,False,False
GSM1077613,3.5938,-1.3333248352410716,False,False
GSM1077614,3.6130750000000003,-0.9725620881026665,False,False
GSM1077615,3.60685,-1.0890730142212959,False,False
GSM1077616,3.591,-1.3857313562261508,False,False
GSM1077617,3.5998,-1.221025147415885,False,False
GSM1077618,3.58965,-1.4109987859868245,False,False
GSM1077619,3.592275,-1.3618676725633054,False,False
GSM1077620,3.594975,-1.3113328130419748,False,False
GSM1077621,3.610125,-1.0277761012833853,False,False
GSM1077622,3.6323499999999997,-0.611799340964278,False,False
GSM1077623,3.587125,-1.4582582379465865,False,False
GSM1077624,3.64185,-0.4339915019077383,False,False
GSM1077625,3.60935,-1.042281477627471,False,False
GSM1077626,3.607825,-1.0708243149497045,False,False
GSM1077627,3.6875999999999998,0.42229361775927576,False,False
GSM1077628,3.623125,-0.7844601109954924,False,False
GSM1077629,3.581675,-1.560263787721122,False,False
GSM1077630,3.6017,-1.185463579604577,False,False
GSM1077631,3.5965499999999997,-1.2818541449878667,False,False
GSM1077632,3.66135,-0.06901751647589034,False,False
GSM1077633,3.6416000000000004,-0.43867065556710994,False,False
GSM1077634,3.61515,-0.9337251127297983,False,False
GSM1077635,3.6158,-0.9215593132153987,False,False
GSM1077636,3.63105,-0.6361309399930607,False,False
GSM1077637,3.6211499999999996,-0.8214254249046201,False,False
GSM1077638,3.6369249999999997,-0.5261708289975766,False,False
GSM1077639,3.609,-1.048832292750608,False,False
GSM1077640,3.61655,-0.9075218522372505,False,False
GSM1077641,3.6737,0.16213267429761138,False,False
GSM1077642,3.588,-1.441881200138744,False,False
GSM1077643,3.609425,-1.0408777315296593,False,False
GSM1077644,3.6186499999999997,-0.8682169614984452,False,False
GSM1077645,3.67945,0.2697532084634096,False,False
GSM1077646,3.5875,-1.4512395074575124,False,False
GSM1077647,3.596325,-1.2860653832813012,False,False
GSM1077648,3.68635,0.39889784946236745,False,False
GSM1077649,3.658625,-0.12002029136316643,False,False
GSM1077650,3.732175,1.256586715227193,False,False
GSM1077651,3.6628,-0.041878425251476364,False,False
GSM1077652,3.6066,-1.0937521678806843,False,False
GSM1077653,3.72235,1.0726959764134616,False,False
GSM1077654,3.67185,0.12750693721817777,False,False
GSM1077655,3.6858,0.38860371141172484,False,False
GSM1077656,3.6445999999999996,-0.38252081165453333,False,False
GSM1077657,3.6646,-0.00818851890391708,False,False
GSM1077658,3.649425,-0.29221314602844356,False,False
GSM1077659,3.72065,1.0408777315296593,False,False
GSM1077660,3.71335,0.9042464446756902,False,False
GSM1077661,3.612475,-0.9837920568851919,False,False
GSM1077662,3.675575,0.19722632674297386,False,False
GSM1077663,3.6549750000000003,-0.1883359347901427,False,False
GSM1077664,3.666125,0.02035431841831672,False,False
GSM1077665,3.71875,1.0053161637183516,False,False
GSM1077666,3.6561250000000003,-0.16681182795698307,False,False
GSM1077667,3.648925,-0.3015714533472036,False,False
GSM1077668,3.691225,0.49014134582033153,False,False
GSM1077669,3.7369000000000003,1.345022719389534,False,False
GSM1077670,3.7257,1.1353966354491836,False,False
GSM1077671,3.63675,-0.5294462365591369,False,False
GSM1077672,3.6797500000000003,0.2753681928546723,False,False
GSM1077673,3.6809000000000003,0.29689229968783193,False,False
GSM1077674,3.69705,0.5991656260839412,False,False
GSM1077675,3.6822749999999997,0.3226276448144261,False,False
GSM1077676,3.6491499999999997,-0.29736021505376903,False,False
GSM1077677,3.6207,-0.8298479014915059,False,False
GSM1077678,3.709625,0.8345270551508858,False,False
GSM1077679,3.689,0.4484968782518237,False,False
GSM1077680,3.69015,0.47002098508498336,False,False
GSM1077681,3.6318,-0.6220934790149124,False,False
GSM1077682,3.66485,-0.0035093652445370785,False,False
GSM1077683,3.70775,0.799433402705515,False,False
GSM1077684,3.64225,-0.4265048560527186,False,False
GSM1077685,3.7144500000000003,0.9248347207769755,False,False
GSM1077686,3.64005,-0.4676814082552892,False,False
GSM1077687,3.7528,1.6426168921262634,False,False
GSM1077688,3.696025,0.5799810960804758,False,False
GSM1077689,3.70975,0.83686663198058,False,False
GSM1077690,3.6862250000000003,0.3965582726326816,False,False
GSM1077691,3.6496500000000003,-0.2880019077349924,False,False
GSM1077692,3.71775,0.986599549080823,False,False
GSM1077693,3.6731499999999997,0.15183853624696042,False,False
GSM1077694,3.7267,1.1541132500867204,False,False
GSM1077695,3.63385,-0.5837244190079814,False,False
GSM1077696,3.66195,-0.05778754769337335,False,False
GSM1077697,3.694175,0.5453553590010422,False,False
GSM1077698,3.7112000000000003,0.8640057232050024,False,False
GSM1077699,3.65175,-0.2486970169961871,False,False
GSM1077700,3.6672000000000002,0.04047467915366486,False,False
GSM1077701,3.659025,-0.1125336455081468,False,False
GSM1077702,3.70765,0.7975617412417664,False,False
GSM1077703,3.6691,0.0760362469649645,False,False
GSM1077704,3.68045,0.28846982310093794,False,False
GSM1077705,3.6586999999999996,-0.11861654526535492,False,False
GSM1077706,3.7269,1.1578565730142258,False,False
GSM1077707,3.6765,0.21453919528269066,False,False
GSM1077708,3.6685749999999997,0.06621002428025903,False,False
GSM1077709,3.666,0.018014741588622565,False,False
GSM1077710,3.72945,1.205583940339925,False,False
GSM1077711,3.5970500000000003,-1.27249583766909,False,False
GSM1077712,3.723175,1.0881371834894216,False,False
GSM1077713,3.6917,0.4990317377731544,False,False
GSM1077714,3.7351,1.3113328130419748,False,False
GSM1077715,3.690175,0.4704889004509205,False,False
GSM1077716,3.687025,0.41153156434270427,False,False
GSM1077717,3.736225,1.3323890045091973,False,False
GSM1077718,3.6809,0.2968922996878236,False,False
GSM1077719,3.68235,0.32403139091224586,False,False
GSM1077720,3.662775,-0.04234634061741353,False,False
GSM1077721,3.6711,0.11346947624002945,False,False
GSM1077722,3.72895,1.1962256330211654,False,False
GSM1077723,3.72925,1.2018406174124194,False,False
GSM1077724,3.693325,0.5294462365591451,False,False
GSM1077725,3.7144000000000004,0.9238988900451011,False,False
GSM1077726,3.746575,1.5261059660076342,False,False
GSM1077727,3.68465,0.36707960457856514,False,False
GSM1077728,3.61775,-0.8850619146722165,False,False
GSM1077729,3.6748250000000002,0.18318886576483387,False,False
GSM1077730,3.6473250000000004,-0.3315180367672489,False,False
GSM1077731,3.7188,1.0062519944502257,False,False
GSM1077732,3.681,0.29876396115158055,False,False
GSM1077733,3.656325,-0.16306850502948572,False,False
GSM1077734,3.6260250000000003,-0.7301819285466478,False,False
GSM1077735,3.66555,0.0095922650017369,False,False
GSM1077736,3.459425,-3.848369927159214,False,False
GSM1077737,3.76675,1.9037136663198104,False,False
GSM1077738,3.700375,0.6613983697537342,False,False
GSM1077739,3.6729000000000003,0.14715938258758873,False,False
GSM1077740,3.634375,-0.573898196323276,False,False
GSM1077741,3.5672249999999996,-1.830718869233446,False,False
GSM1077742,3.7182,0.9950220256677088,False,False
GSM1077743,3.67065,0.10504699965314378,False,False
GSM1077744,3.637325,-0.518684183142557,False,False
GSM1077745,3.7375249999999998,1.3567206035379797,False,False
GSM1077746,3.749825,1.5869349635796073,False,False
GSM1077747,3.5927,-1.353913111342357,False,False
GSM1077748,3.64785,-0.3216918140825517,False,False
GSM1077749,3.62585,-0.7334573361082246,False,False
GSM1077750,3.6065,-1.095623829344433,False,False
GSM1077751,3.7096999999999998,0.8359308012486973,False,False
GSM1077752,3.583775,-1.5209588969823085,False,False
GSM1077753,3.6229,-0.7886713492889351,False,False
GSM1077754,3.680975,0.2982960457856434,False,False
GSM1077755,3.7009749999999997,0.672628338536243,False,False
GSM1077756,3.6115500000000003,-1.0011049254249003,False,False
GSM1077757,3.5840750000000003,-1.5153439125910457,False,False
GSM1077758,3.6879,0.42790860215053844,False,False
GSM1077759,3.67815,0.24542160943461863,False,False
GSM1077760,3.6384749999999997,-0.4971600763094057,False,False
GSM1077761,3.6013,-1.1929502254595883,False,False
GSM1077762,3.7685500000000003,1.9374035726673695,False,False
GSM1077763,3.6905,0.4765718002081204,False,False
GSM1077764,3.68415,0.3577212972597969,False,False
GSM1077765,3.5875250000000003,-1.450771592091567,False,False
GSM1077766,3.650875,-0.2650740548040213,False,False
GSM1077767,3.65045,-0.27302861602496975,False,False
GSM1077768,3.7197000000000005,1.0230969476240137,False,False
GSM1077769,3.6296999999999997,-0.6613983697537342,False,False
GSM1077770,3.6271,-0.710061567811308,False,False
GSM1077771,3.678175,0.24588952480055581,False,False
GSM1077772,3.6452,-0.371290842872008,False,False
GSM1077773,3.709125,0.8251687478321175,False,False
GSM1077774,3.6472,-0.33385761359694305,False,False
GSM1077775,3.57105,-1.7591278182448844,False,False
GSM1077776,3.6419750000000004,-0.4316519250780358,False,False
GSM1077777,3.7396000000000003,1.3955575789108645,False,False
GSM1077778,3.7121,0.8808506763787736,False,False
GSM1077779,3.6157500000000002,-0.922495143947273,False,False
GSM1077780,3.62925,-0.66982084634062,False,False
GSM1077781,3.7067,0.7797809573361123,False,False
GSM1077782,3.706125,0.7690189039195325,False,False
GSM1077783,3.6014,-1.1910785639958397,False,False
GSM1077784,3.6289,-0.6763716614637569,False,False
GSM1077785,3.63155,-0.6267726326743007,False,False
GSM1077786,3.667625,0.04842924037461335,False,False
GSM1077787,3.7311750000000004,1.237870100589673,False,False
GSM1077788,3.654025,-0.20611671869580503,False,False
GSM1077789,3.75325,1.651039368713149,False,False
GSM1077790,3.6988250000000003,0.6323876170655633,False,False
GSM1077791,3.60855,-1.0572547693374934,False,False
GSM1077792,3.652125,-0.24167828650711298,False,False
GSM1077793,3.7196,1.0212252861602484,False,False
GSM1077794,3.595975,-1.2926161984044382,False,False
GSM1077795,3.7012,0.6768395768296942,False,False
GSM1077796,3.7248,1.1185516822754122,False,False
GSM1077797,3.66315,-0.03532761012833937,False,False
GSM1077798,3.65625,-0.16447225112729724,False,False
GSM1077799,3.665075,0.0007018730489057535,False,False
GSM1077800,3.6940749999999998,0.5434836975372851,False,False
GSM1077801,3.66555,0.0095922650017369,False,False
GSM1077802,3.615675,-0.9238988900450928,False,False
GSM1077803,3.64565,-0.3628683662851223,False,False
GSM1077804,3.720025,1.0291798473812053,False,False
GSM1077805,3.672325,0.1363973291710006,False,False
GSM1077806,3.6828250000000002,0.332921782865077,False,False
GSM1077807,3.718,0.9912787027402031,False,False
GSM1077808,3.73075,1.2299155393687162,False,False
GSM1077809,3.672625,0.14201231356226326,False,False
GSM1077810,3.68125,0.3034431148109606,False,False
GSM1077811,3.67665,0.217346687478322,False,False
GSM1077812,3.665,-0.0007018730489057535,False,False
GSM1077813,3.7441500000000003,1.4807181755116288,False,False
GSM1077814,3.61735,-0.8925485605272278,False,False
GSM1077815,3.6475,-0.3282426292056887,False,False
GSM1077816,3.6858,0.38860371141172484,False,False
GSM1077817,3.702325,0.6978957682969166,False,False
GSM1077818,3.6597750000000002,-0.09849618452999848,False,False
GSM1077819,3.6438,-0.39749410336454766,False,False
GSM1077820,3.635325,-0.5561174124176219,False,False
GSM1077821,3.7135,0.9070539368713132,False,False
GSM1077822,3.702025,0.692280783905654,False,False
GSM1077823,3.735825,1.324902358654186,False,False
GSM1077824,3.59435,-1.3230306971904289,False,False
GSM1077825,3.6766500000000004,0.21734668747833033,False,False
GSM1077826,3.64595,-0.3572533818938597,False,False
GSM1077827,3.6877000000000004,0.4241652792230411,False,False
GSM1077828,3.7441250000000004,1.4802502601456917,False,False
GSM1077829,3.6458000000000004,-0.36006087408948273,False,False
GSM1077830,3.6673750000000003,0.04375008671523335,False,False
GSM1077831,3.72045,1.0371344086021537,False,False
GSM1077832,3.6284,-0.685729968782517,False,False
GSM1077833,3.7178500000000003,0.98847121054458,False,False
GSM1077834,3.7058,0.7629360041623328,False,False
GSM1077835,3.6498,-0.2851944155393694,False,False
GSM1077836,3.60965,-1.0366664932362166,False,False
GSM1077837,3.729025,1.1976293791189767,False,False
GSM1077838,3.6672000000000002,0.04047467915366486,False,False
GSM1077839,3.69585,0.5767056885189072,False,False
GSM1077840,3.7801,2.1535804717308404,False,False
GSM1077841,3.7254,1.1297816510579293,False,False
GSM1077842,3.5966750000000003,-1.2795145681581641,False,False
GSM1077843,3.6798,0.2763040235865466,False,False
