gene_symbol,category,source,evidence_tier,evidence_score,u1_log2fc,u1_fdr,composition_adjusted_log2fc,composition_adjusted_fdr,composition_robust,trajectory_category,present_in_tested_matrix,in_high_confidence_field_signature,in_top_100_high_confidence,removal_policy
FOS,immediate_early_AP1,Tullai_et_al_2007_J_Biol_Chem_282_23981_23995_DOI_10.1074_jbc.M702044200,Tier 2 - provisional,0.857142857142857,3.54124109799949,1.29404234113876e-41,3.47588891328686,2.16471335819872e-31,True,adjacent_specific,True,False,False,flag_only_not_automatically_removed
FOSB,immediate_early_AP1,Tullai_et_al_2007_J_Biol_Chem_282_23981_23995_DOI_10.1074_jbc.M702044200,Tier 2 - provisional,0.704404413080537,0.956371231573887,5.279644595383109e-11,0.651626624180274,0.0001492899284353,True,non_monotonic,True,False,False,flag_only_not_automatically_removed
FOSL1,immediate_early_AP1,Tullai_et_al_2007_J_Biol_Chem_282_23981_23995_DOI_10.1074_jbc.M702044200,not_in_initial_screen,0.0731453913172656,0.0132222233212509,0.77959213455971,-0.0247029843044517,0.723010770078155,False,tumor_specific,True,False,False,flag_only_not_automatically_removed
FOSL2,immediate_early_AP1,Tullai_et_al_2007_J_Biol_Chem_282_23981_23995_DOI_10.1074_jbc.M702044200,not_in_initial_screen,0.0802000177466339,-0.0270572349559325,0.722597401757668,0.119546397551504,0.182476721268625,False,tumor_specific,True,False,False,flag_only_not_automatically_removed
JUN,immediate_early_AP1,Tullai_et_al_2007_J_Biol_Chem_282_23981_23995_DOI_10.1074_jbc.M702044200,Tier 1 - high-confidence,0.956540475719866,1.39156666007813,6.72167520682933e-27,1.29556535923871,3.78193865229341e-18,True,field_shift_then_plateau,True,True,True,flag_only_not_automatically_removed
JUNB,immediate_early_AP1,Tullai_et_al_2007_J_Biol_Chem_282_23981_23995_DOI_10.1074_jbc.M702044200,Tier 2 - provisional,0.902981492577963,0.988592261602341,1.83836618276686e-17,0.809610028558318,1.3888290338774202e-09,True,field_shift_then_plateau,True,False,False,flag_only_not_automatically_removed
JUND,immediate_early_AP1,Tullai_et_al_2007_J_Biol_Chem_282_23981_23995_DOI_10.1074_jbc.M702044200,not_in_initial_screen,0.311059013590025,0.3148594164707,3.30141111448289e-05,0.493786986433851,4.85207124343325e-08,False,non_monotonic,True,False,False,flag_only_not_automatically_removed
EGR1,immediate_early_transcription_factor,Tullai_et_al_2007_J_Biol_Chem_282_23981_23995_DOI_10.1074_jbc.M702044200,Tier 2 - provisional,0.857142857142857,3.52436207958351,7.358627435541619e-42,3.10286429875562,3.12470504093397e-29,True,adjacent_specific,True,False,False,flag_only_not_automatically_removed
EGR2,immediate_early_transcription_factor,Tullai_et_al_2007_J_Biol_Chem_282_23981_23995_DOI_10.1074_jbc.M702044200,not_in_initial_screen,0.0806835985392521,0.0137190051079072,0.727602895796137,0.0059620712747353,0.930297837860505,False,non_monotonic,True,False,False,flag_only_not_automatically_removed
EGR3,immediate_early_transcription_factor,Tullai_et_al_2007_J_Biol_Chem_282_23981_23995_DOI_10.1074_jbc.M702044200,not_in_initial_screen,0.255430300121271,-0.0625006532321558,0.0552478695743448,0.0060489398748652,0.917057036473098,False,non_monotonic,True,False,False,flag_only_not_automatically_removed
ATF3,immediate_early_transcription_factor,Tullai_et_al_2007_J_Biol_Chem_282_23981_23995_DOI_10.1074_jbc.M702044200,Tier 2 - provisional,0.702753460553793,1.01298023147314,5.2955329411604e-10,0.939862103575026,2.65060123753977e-06,True,adjacent_specific,True,False,False,flag_only_not_automatically_removed
NR4A1,immediate_early_nuclear_receptor,Tullai_et_al_2007_J_Biol_Chem_282_23981_23995_DOI_10.1074_jbc.M702044200,Tier 1 - high-confidence,0.943915686265672,1.60032274156194,4.4766145896057404e-17,0.997730765397759,5.41228318453021e-07,True,field_shift_then_plateau,True,True,True,flag_only_not_automatically_removed
NR4A2,immediate_early_nuclear_receptor,Tullai_et_al_2007_J_Biol_Chem_282_23981_23995_DOI_10.1074_jbc.M702044200,Tier 1 - high-confidence,0.913989094208896,1.39943733523173,6.789198872403591e-15,0.976745222945525,1.28366881226247e-06,True,field_shift_then_plateau,True,True,True,flag_only_not_automatically_removed
NR4A3,immediate_early_nuclear_receptor,Tullai_et_al_2007_J_Biol_Chem_282_23981_23995_DOI_10.1074_jbc.M702044200,not_in_initial_screen,0.258533867596534,0.136029068650141,0.0105363958869794,0.0066285153595114,0.947807051479279,False,non_monotonic,True,False,False,flag_only_not_automatically_removed
DUSP1,immediate_early_feedback,Tullai_et_al_2007_J_Biol_Chem_282_23981_23995_DOI_10.1074_jbc.M702044200,Tier 2 - provisional,0.817653828969311,1.44715360557036,5.61587191933029e-23,1.19526277008125,2.43635591630028e-13,True,adjacent_specific,True,False,False,flag_only_not_automatically_removed
DUSP2,immediate_early_feedback,Tullai_et_al_2007_J_Biol_Chem_282_23981_23995_DOI_10.1074_jbc.M702044200,Tier 2 - provisional,0.772760258346916,0.546654662275051,1.08445739602241e-05,0.578569819766972,1.64822109975124e-05,True,monotonic_up,True,False,False,flag_only_not_automatically_removed
DUSP5,immediate_early_feedback,Tullai_et_al_2007_J_Biol_Chem_282_23981_23995_DOI_10.1074_jbc.M702044200,not_in_initial_screen,0.295249631140061,0.400604934655399,0.0037073208240199,0.544780637491374,0.0018256378008923,True,non_monotonic,True,False,False,flag_only_not_automatically_removed
DUSP6,immediate_early_feedback,Tullai_et_al_2007_J_Biol_Chem_282_23981_23995_DOI_10.1074_jbc.M702044200,Tier 2 - provisional,0.785283091088062,1.01437143849817,2.90319259491615e-23,1.13115649807066,3.09447462495311e-20,True,non_monotonic,True,False,False,flag_only_not_automatically_removed
IER2,immediate_early_response,Tullai_et_al_2007_J_Biol_Chem_282_23981_23995_DOI_10.1074_jbc.M702044200,Tier 2 - provisional,0.873554350742255,0.827629079343752,9.08392471507826e-16,0.818525311995794,4.49058350491754e-11,True,monotonic_up,True,False,False,flag_only_not_automatically_removed
IER3,immediate_early_response,Tullai_et_al_2007_J_Biol_Chem_282_23981_23995_DOI_10.1074_jbc.M702044200,Tier 2 - provisional,0.814756648808707,0.715518536841029,7.3242766384506e-09,0.901391512878098,2.33238141595031e-09,True,monotonic_up,True,False,False,flag_only_not_automatically_removed
ZFP36,immediate_early_RNA_regulation,Tullai_et_al_2007_J_Biol_Chem_282_23981_23995_DOI_10.1074_jbc.M702044200,Tier 2 - provisional,0.790162176034177,1.06227046447848,3.7419662013726703e-25,0.875545307879481,8.18044823062028e-15,True,adjacent_specific,True,False,False,flag_only_not_automatically_removed
BTG2,immediate_early_antiproliferative,Tullai_et_al_2007_J_Biol_Chem_282_23981_23995_DOI_10.1074_jbc.M702044200,Tier 2 - provisional,0.591182050744256,0.479336965678445,0.002157769259038,-0.149489875390097,0.460810758331428,False,field_shift_then_plateau,True,False,False,flag_only_not_automatically_removed
CCN1,immediate_early_matrix_response,Tullai_et_al_2007_J_Biol_Chem_282_23981_23995_DOI_10.1074_jbc.M702044200,,,,,,,,,False,False,False,flag_only_not_automatically_removed
CCN2,immediate_early_matrix_response,Tullai_et_al_2007_J_Biol_Chem_282_23981_23995_DOI_10.1074_jbc.M702044200,,,,,,,,,False,False,False,flag_only_not_automatically_removed
