task,model,repeat,outer_fold,n_train,n_test,best_inner_f1_macro,best_parameters,f1_macro,f1_weighted,balanced_accuracy,log_loss,precision_adjacent_normal,recall_adjacent_normal,f1_adjacent_normal,precision_healthy,recall_healthy,f1_healthy,precision_tumor,recall_tumor,f1_tumor,roc_auc_ovr_macro,brier_score_multiclass,roc_auc,pr_auc,brier_score,sensitivity,specificity,negative_predictive_value,positive_predictive_value,analysis_provenance
task_a_three_class,elastic_net,0,0,196,50,0.9709913411132924,"{""model__C"": 0.2, ""model__l1_ratio"": 0.2, ""univariate__k"": 20, ""variance_quantile__quantile"": 0.5}",0.958913308913309,0.9602197802197802,0.9666666666666668,0.2181804597131006,0.95,0.95,0.95,0.9090909090909092,1.0,0.9523809523809524,1.0,0.95,0.9743589743589745,0.9875,0.1085361837425428,,,,,,,,raw_cel_rma
task_a_three_class,linear_svm,0,0,196,50,0.9876744876744876,"{""model__C"": 0.05, ""univariate__k"": 50, ""variance_quantile__quantile"": 0.5}",0.9833229101521784,0.979987492182614,0.9833333333333334,0.1270775252795559,0.9523809523809524,1.0,0.975609756097561,1.0,1.0,1.0,1.0,0.95,0.9743589743589745,0.9988888888888888,0.0535956355179272,,,,,,,,raw_cel_rma
task_a_three_class,random_forest,0,0,196,50,0.9747332853879708,"{""model__max_features"": ""sqrt"", ""model__min_samples_leaf"": 3, ""model__n_estimators"": 200, ""univariate__k"": 50, ""variance_quantile__quantile"": 0.5}",0.9337294142172192,0.9404752970606628,0.9333333333333332,0.1514544465044172,0.9047619047619048,0.95,0.926829268292683,0.9,0.9,0.9,1.0,0.95,0.9743589743589745,0.9955555555555556,0.0827271470799751,,,,,,,,raw_cel_rma
task_a_three_class,elastic_net,0,1,196,50,0.9540226829700514,"{""model__C"": 0.2, ""model__l1_ratio"": 0.2, ""univariate__k"": 50, ""variance_quantile__quantile"": 0.5}",0.9267399267399268,0.9406593406593408,0.9333333333333332,0.1204514785059412,0.9473684210526316,0.9,0.9230769230769232,0.8181818181818182,0.9,0.8571428571428571,1.0,1.0,1.0,0.9972222222222222,0.059109319156515,,,,,,,,raw_cel_rma
task_a_three_class,linear_svm,0,1,196,50,0.953249060999382,"{""model__C"": 0.2, ""univariate__k"": 50, ""variance_quantile__quantile"": 0.5}",0.9580361159308528,0.960169654906497,0.9499999999999998,0.1259169767446749,0.9090909090909092,1.0,0.9523809523809524,1.0,0.9,0.9473684210526316,1.0,0.95,0.9743589743589745,1.0,0.0563521111330523,,,,,,,,raw_cel_rma
task_a_three_class,random_forest,0,1,196,50,0.9279437165696076,"{""model__max_features"": ""sqrt"", ""model__min_samples_leaf"": 1, ""model__n_estimators"": 200, ""univariate__k"": 50, ""variance_quantile__quantile"": 0.5}",0.9580361159308528,0.960169654906497,0.9499999999999998,0.1278497672556275,0.9090909090909092,1.0,0.9523809523809524,1.0,0.9,0.9473684210526316,1.0,0.95,0.9743589743589745,1.0,0.05849,,,,,,,,raw_cel_rma
task_a_three_class,elastic_net,0,2,198,48,0.9545243045243046,"{""model__C"": 0.2, ""model__l1_ratio"": 0.2, ""univariate__k"": 50, ""variance_quantile__quantile"": 0.5}",0.9511784511784512,0.9590698653198654,0.9649122807017544,0.1484059026208162,1.0,0.8947368421052632,0.9444444444444444,0.8333333333333334,1.0,0.9090909090909092,1.0,1.0,1.0,1.0,0.0652699177275648,,,,,,,,raw_cel_rma
task_a_three_class,linear_svm,0,2,198,48,0.9592528825359375,"{""model__C"": 0.05, ""univariate__k"": 50, ""variance_quantile__quantile"": 0.5}",0.9751179751179752,0.9793811668811668,0.9824561403508772,0.1444594460033793,1.0,0.9473684210526316,0.972972972972973,0.9090909090909092,1.0,0.9523809523809524,1.0,1.0,1.0,0.999395039322444,0.0560094570719863,,,,,,,,raw_cel_rma
task_a_three_class,random_forest,0,2,198,48,0.9367659859636752,"{""model__max_features"": ""sqrt"", ""model__min_samples_leaf"": 3, ""model__n_estimators"": 200, ""univariate__k"": 50, ""variance_quantile__quantile"": 0.5}",0.9739091318038686,0.9788855150697257,0.9666666666666668,0.1379858428133075,0.95,1.0,0.9743589743589745,1.0,0.9,0.9473684210526316,1.0,1.0,1.0,0.9970356926799758,0.0583764735000674,,,,,,,,raw_cel_rma
task_a_three_class,elastic_net,0,3,198,48,0.9524974294711136,"{""model__C"": 0.2, ""model__l1_ratio"": 0.2, ""univariate__k"": 50, ""variance_quantile__quantile"": 0.5}",0.9575741154688524,0.9585478335478336,0.9649122807017544,0.1134540141447224,0.9473684210526316,0.9473684210526316,0.9473684210526316,0.9090909090909092,1.0,0.9523809523809524,1.0,0.9473684210526316,0.972972972972973,0.999395039322444,0.0484355013354232,,,,,,,,raw_cel_rma
task_a_three_class,linear_svm,0,3,198,48,0.9770138683168208,"{""model__C"": 0.2, ""univariate__k"": 50, ""variance_quantile__quantile"": 0.5}",0.9824439824439825,0.9791522291522292,0.9824561403508772,0.1122097170044337,0.95,1.0,0.9743589743589745,1.0,1.0,1.0,1.0,0.9473684210526316,0.972972972972973,1.0,0.0372760636535156,,,,,,,,raw_cel_rma
task_a_three_class,random_forest,0,3,198,48,0.9636821232777588,"{""model__max_features"": ""sqrt"", ""model__min_samples_leaf"": 1, ""model__n_estimators"": 200, ""univariate__k"": 50, ""variance_quantile__quantile"": 0.5}",1.0,1.0,1.0,0.1269261269915867,1.0,1.0,1.0,1.0,1.0,1.0,1.0,1.0,1.0,1.0,0.0533145833333333,,,,,,,,raw_cel_rma
task_a_three_class,elastic_net,0,4,196,50,0.940335087960946,"{""model__C"": 0.2, ""model__l1_ratio"": 0.8, ""univariate__k"": 50, ""variance_quantile__quantile"": 0.5}",0.8941798941798943,0.9174603174603174,0.8833333333333333,0.2541657477061145,0.8636363636363636,0.95,0.9047619047619048,0.875,0.7,0.7777777777777778,1.0,1.0,1.0,0.9802777777777778,0.1366080084687073,,,,,,,,raw_cel_rma
task_a_three_class,linear_svm,0,4,196,50,0.9638751100561112,"{""model__C"": 0.2, ""univariate__k"": 50, ""variance_quantile__quantile"": 0.5}",0.947089947089947,0.9587301587301588,0.9333333333333332,0.1939728697788575,0.9090909090909092,1.0,0.9523809523809524,1.0,0.8,0.8888888888888888,1.0,1.0,1.0,0.9938888888888888,0.0989090519096703,,,,,,,,raw_cel_rma
task_a_three_class,random_forest,0,4,196,50,0.9328682871675528,"{""model__max_features"": ""sqrt"", ""model__min_samples_leaf"": 3, ""model__n_estimators"": 200, ""univariate__k"": 20, ""variance_quantile__quantile"": 0.5}",0.8136645962732919,0.8621118012422361,0.7999999999999999,0.2388053447553723,0.7692307692307693,1.0,0.8695652173913043,1.0,0.4,0.5714285714285714,1.0,1.0,1.0,0.9847222222222222,0.1424343998864042,,,,,,,,raw_cel_rma
task_a_three_class,elastic_net,1,0,196,50,0.9872776622776624,"{""model__C"": 0.2, ""model__l1_ratio"": 0.2, ""univariate__k"": 50, ""variance_quantile__quantile"": 0.5}",0.958913308913309,0.9602197802197802,0.9666666666666668,0.1744770451776564,0.95,0.95,0.95,0.9090909090909092,1.0,0.9523809523809524,1.0,0.95,0.9743589743589745,0.9969444444444444,0.0931034412306332,,,,,,,,raw_cel_rma
task_a_three_class,linear_svm,1,0,196,50,0.9869545659019344,"{""model__C"": 0.05, ""univariate__k"": 50, ""variance_quantile__quantile"": 0.5}",0.9337294142172192,0.9404752970606628,0.9333333333333332,0.1747383807165484,0.9047619047619048,0.95,0.926829268292683,0.9,0.9,0.9,1.0,0.95,0.9743589743589745,0.9980555555555556,0.0870876535530012,,,,,,,,raw_cel_rma
task_a_three_class,random_forest,1,0,196,50,0.9827766309313164,"{""model__max_features"": ""sqrt"", ""model__min_samples_leaf"": 1, ""model__n_estimators"": 200, ""univariate__k"": 50, ""variance_quantile__quantile"": 0.5}",0.8786192274564368,0.8987875173921686,0.8666666666666666,0.2112542885139661,0.8260869565217391,0.95,0.8837209302325582,0.875,0.7,0.7777777777777778,1.0,0.95,0.9743589743589745,0.9877777777777778,0.129023,,,,,,,,raw_cel_rma
task_a_three_class,elastic_net,1,1,196,50,0.9471443052964792,"{""model__C"": 0.2, ""model__l1_ratio"": 0.5, ""univariate__k"": 50, ""variance_quantile__quantile"": 0.5}",0.9521531100478468,0.9607655502392344,0.9666666666666668,0.1494854008307903,1.0,0.9,0.9473684210526316,0.8333333333333334,1.0,0.9090909090909092,1.0,1.0,1.0,1.0,0.0676214924966904,,,,,,,,raw_cel_rma
task_a_three_class,linear_svm,1,1,196,50,0.9643700375247232,"{""model__C"": 0.2, ""univariate__k"": 50, ""variance_quantile__quantile"": 0.5}",1.0,1.0,1.0,0.091766076031626,1.0,1.0,1.0,1.0,1.0,1.0,1.0,1.0,1.0,1.0,0.0226585716732933,,,,,,,,raw_cel_rma
task_a_three_class,random_forest,1,1,196,50,0.9374378788852474,"{""model__max_features"": ""sqrt"", ""model__min_samples_leaf"": 3, ""model__n_estimators"": 200, ""univariate__k"": 20, ""variance_quantile__quantile"": 0.5}",0.974326059050064,0.9797175866495508,0.9666666666666668,0.1668920909925942,0.9523809523809524,1.0,0.975609756097561,1.0,0.9,0.9473684210526316,1.0,1.0,1.0,1.0,0.0792707085086745,,,,,,,,raw_cel_rma
task_a_three_class,elastic_net,1,2,196,50,0.932393126901136,"{""model__C"": 0.2, ""model__l1_ratio"": 0.2, ""univariate__k"": 20, ""variance_quantile__quantile"": 0.5}",0.9128870112851808,0.921551370063956,0.9333333333333332,0.2622465698573996,0.9444444444444444,0.85,0.8947368421052632,0.7692307692307693,1.0,0.8695652173913043,1.0,0.95,0.9743589743589745,0.99,0.1360014791377909,,,,,,,,raw_cel_rma
task_a_three_class,linear_svm,1,2,196,50,0.9499322336132348,"{""model__C"": 0.2, ""univariate__k"": 50, ""variance_quantile__quantile"": 0.5}",1.0,1.0,1.0,0.1164902813367671,1.0,1.0,1.0,1.0,1.0,1.0,1.0,1.0,1.0,1.0,0.0399692197137063,,,,,,,,raw_cel_rma
task_a_three_class,random_forest,1,2,196,50,0.956106193176721,"{""model__max_features"": ""sqrt"", ""model__min_samples_leaf"": 3, ""model__n_estimators"": 200, ""univariate__k"": 20, ""variance_quantile__quantile"": 0.5}",0.9070753807595912,0.9200694042799304,0.9,0.2011431519002634,0.8636363636363636,0.95,0.9047619047619048,0.8888888888888888,0.8,0.8421052631578947,1.0,0.95,0.9743589743589745,0.9922222222222222,0.1079604155830381,,,,,,,,raw_cel_rma
task_a_three_class,elastic_net,1,3,198,48,0.9613521700331712,"{""model__C"": 0.2, ""model__l1_ratio"": 0.2, ""univariate__k"": 50, ""variance_quantile__quantile"": 0.5}",0.921727395411606,0.9366565452091768,0.9157894736842106,0.1851357797530708,0.9,0.9473684210526316,0.9230769230769232,0.8888888888888888,0.8,0.8421052631578947,1.0,1.0,1.0,0.9866606170598912,0.0998310706769508,,,,,,,,raw_cel_rma
task_a_three_class,linear_svm,1,3,198,48,0.9674336847956873,"{""model__C"": 0.2, ""univariate__k"": 50, ""variance_quantile__quantile"": 0.5}",0.9167862266857963,0.9342718794835008,0.9,0.1738072587863927,0.8636363636363636,1.0,0.926829268292683,1.0,0.7,0.8235294117647058,1.0,1.0,1.0,0.9955535390199636,0.0892745526982337,,,,,,,,raw_cel_rma
task_a_three_class,random_forest,1,3,198,48,0.961111986240356,"{""model__max_features"": ""sqrt"", ""model__min_samples_leaf"": 3, ""model__n_estimators"": 200, ""univariate__k"": 50, ""variance_quantile__quantile"": 0.5}",0.921727395411606,0.9366565452091768,0.9157894736842106,0.2058872303869229,0.9,0.9473684210526316,0.9230769230769232,0.8888888888888888,0.8,0.8421052631578947,1.0,1.0,1.0,0.9857834240774348,0.1120636763690639,,,,,,,,raw_cel_rma
task_a_three_class,elastic_net,1,4,198,48,0.96127442574811,"{""model__C"": 0.2, ""model__l1_ratio"": 0.5, ""univariate__k"": 50, ""variance_quantile__quantile"": 0.5}",0.9751179751179752,0.9793811668811668,0.9824561403508772,0.1089781117655183,1.0,0.9473684210526316,0.972972972972973,0.9090909090909092,1.0,0.9523809523809524,1.0,1.0,1.0,1.0,0.0419388890915027,,,,,,,,raw_cel_rma
task_a_three_class,linear_svm,1,4,198,48,0.9897257214330384,"{""model__C"": 0.2, ""univariate__k"": 50, ""variance_quantile__quantile"": 0.5}",1.0,1.0,1.0,0.0729452209252219,1.0,1.0,1.0,1.0,1.0,1.0,1.0,1.0,1.0,1.0,0.0146707024740067,,,,,,,,raw_cel_rma
task_a_three_class,random_forest,1,4,198,48,0.9516089681847064,"{""model__max_features"": ""sqrt"", ""model__min_samples_leaf"": 3, ""model__n_estimators"": 200, ""univariate__k"": 50, ""variance_quantile__quantile"": 0.5}",1.0,1.0,1.0,0.1166760002727273,1.0,1.0,1.0,1.0,1.0,1.0,1.0,1.0,1.0,1.0,0.0397378780914673,,,,,,,,raw_cel_rma
task_a_three_class,elastic_net,2,0,196,50,0.9524281880828736,"{""model__C"": 0.2, ""model__l1_ratio"": 0.5, ""univariate__k"": 50, ""variance_quantile__quantile"": 0.5}",0.9166666666666666,0.92,0.9166666666666666,0.2436254880691098,0.9,0.9,0.9,0.9,0.9,0.9,0.95,0.95,0.95,0.9844444444444445,0.1360742026018545,,,,,,,,raw_cel_rma
task_a_three_class,linear_svm,2,0,196,50,0.9695491177038033,"{""model__C"": 0.2, ""univariate__k"": 50, ""variance_quantile__quantile"": 0.5}",0.8786192274564368,0.8987875173921686,0.8666666666666666,0.2225536181758403,0.8260869565217391,0.95,0.8837209302325582,0.875,0.7,0.7777777777777778,1.0,0.95,0.9743589743589745,0.9855555555555556,0.1256419120625134,,,,,,,,raw_cel_rma
task_a_three_class,random_forest,2,0,196,50,0.9652170222792658,"{""model__max_features"": ""sqrt"", ""model__min_samples_leaf"": 3, ""model__n_estimators"": 200, ""univariate__k"": 50, ""variance_quantile__quantile"": 0.5}",0.8900513478818999,0.8996405648267009,0.8833333333333334,0.2567216979455636,0.8571428571428571,0.9,0.8780487804878049,0.8888888888888888,0.8,0.8421052631578947,0.95,0.95,0.95,0.9838888888888888,0.1506805529397438,,,,,,,,raw_cel_rma
task_a_three_class,elastic_net,2,1,196,50,0.9526852046588888,"{""model__C"": 0.2, ""model__l1_ratio"": 0.2, ""univariate__k"": 50, ""variance_quantile__quantile"": 0.5}",0.9267399267399268,0.9406593406593408,0.9333333333333332,0.123278242934153,0.9473684210526316,0.9,0.9230769230769232,0.8181818181818182,0.9,0.8571428571428571,1.0,1.0,1.0,0.9958333333333332,0.0683632577041864,,,,,,,,raw_cel_rma
task_a_three_class,linear_svm,2,1,196,50,0.9760804972614984,"{""model__C"": 0.2, ""univariate__k"": 50, ""variance_quantile__quantile"": 0.5}",0.95,0.96,0.95,0.1020363278516691,0.95,0.95,0.95,0.9,0.9,0.9,1.0,1.0,1.0,0.998611111111111,0.0373150787870052,,,,,,,,raw_cel_rma
task_a_three_class,random_forest,2,1,196,50,0.9535788748882458,"{""model__max_features"": ""sqrt"", ""model__min_samples_leaf"": 3, ""model__n_estimators"": 200, ""univariate__k"": 50, ""variance_quantile__quantile"": 0.5}",0.9267399267399268,0.9406593406593408,0.9333333333333332,0.1343276662370331,0.9473684210526316,0.9,0.9230769230769232,0.8181818181818182,0.9,0.8571428571428571,1.0,1.0,1.0,0.9972222222222222,0.0670394172248819,,,,,,,,raw_cel_rma
task_a_three_class,elastic_net,2,2,196,50,0.954264812945814,"{""model__C"": 0.2, ""model__l1_ratio"": 0.8, ""univariate__k"": 50, ""variance_quantile__quantile"": 0.5}",0.9337294142172192,0.9404752970606628,0.9333333333333332,0.2130291002084191,0.9047619047619048,0.95,0.926829268292683,0.9,0.9,0.9,1.0,0.95,0.9743589743589745,0.9947222222222224,0.1038123096935481,,,,,,,,raw_cel_rma
task_a_three_class,linear_svm,2,2,196,50,0.9765535189155214,"{""model__C"": 0.2, ""univariate__k"": 50, ""variance_quantile__quantile"": 0.5}",0.947089947089947,0.9587301587301588,0.9333333333333332,0.1659534537545739,0.9090909090909092,1.0,0.9523809523809524,1.0,0.8,0.8888888888888888,1.0,1.0,1.0,0.998611111111111,0.0767949197245872,,,,,,,,raw_cel_rma
task_a_three_class,random_forest,2,2,196,50,0.935971194652196,"{""model__max_features"": ""sqrt"", ""model__min_samples_leaf"": 3, ""model__n_estimators"": 200, ""univariate__k"": 20, ""variance_quantile__quantile"": 0.5}",0.8941798941798943,0.9174603174603174,0.8833333333333333,0.2186010264341429,0.8636363636363636,0.95,0.9047619047619048,0.875,0.7,0.7777777777777778,1.0,1.0,1.0,0.9841666666666667,0.1225899741976033,,,,,,,,raw_cel_rma
task_a_three_class,elastic_net,2,3,198,48,0.976268671920846,"{""model__C"": 0.2, ""model__l1_ratio"": 0.2, ""univariate__k"": 50, ""variance_quantile__quantile"": 0.5}",0.9575741154688524,0.9585478335478336,0.9649122807017544,0.1804159729712567,0.9473684210526316,0.9473684210526316,0.9473684210526316,0.9090909090909092,1.0,0.9523809523809524,1.0,0.9473684210526316,0.972972972972973,0.9903206291591048,0.0903697838200244,,,,,,,,raw_cel_rma
task_a_three_class,linear_svm,2,3,198,48,0.9877899877899878,"{""model__C"": 0.05, ""univariate__k"": 50, ""variance_quantile__quantile"": 0.5}",0.9575741154688524,0.9585478335478336,0.9649122807017544,0.1453591468005995,0.9473684210526316,0.9473684210526316,0.9473684210526316,0.9090909090909092,1.0,0.9523809523809524,1.0,0.9473684210526316,0.972972972972973,0.997580157289776,0.0681863465478364,,,,,,,,raw_cel_rma
task_a_three_class,random_forest,2,3,198,48,0.9672415547415548,"{""model__max_features"": ""sqrt"", ""model__min_samples_leaf"": 3, ""model__n_estimators"": 200, ""univariate__k"": 20, ""variance_quantile__quantile"": 0.5}",0.9824439824439825,0.9791522291522292,0.9824561403508772,0.1544113376724944,0.95,1.0,0.9743589743589745,1.0,1.0,1.0,1.0,0.9473684210526316,0.972972972972973,0.9951603145795525,0.0719978833674487,,,,,,,,raw_cel_rma
task_a_three_class,elastic_net,2,4,198,48,0.9517897307370992,"{""model__C"": 0.2, ""model__l1_ratio"": 0.5, ""univariate__k"": 50, ""variance_quantile__quantile"": 0.5}",0.9751179751179752,0.9793811668811668,0.9824561403508772,0.1624636162589763,1.0,0.9473684210526316,0.972972972972973,0.9090909090909092,1.0,0.9523809523809524,1.0,1.0,1.0,0.998517846339988,0.0743122676205111,,,,,,,,raw_cel_rma
task_a_three_class,linear_svm,2,4,198,48,0.956656402837404,"{""model__C"": 0.2, ""univariate__k"": 50, ""variance_quantile__quantile"": 0.5}",1.0,1.0,1.0,0.1094657544854537,1.0,1.0,1.0,1.0,1.0,1.0,1.0,1.0,1.0,1.0,0.0336972485265114,,,,,,,,raw_cel_rma
task_a_three_class,random_forest,2,4,198,48,0.9470202959451997,"{""model__max_features"": ""sqrt"", ""model__min_samples_leaf"": 1, ""model__n_estimators"": 200, ""univariate__k"": 50, ""variance_quantile__quantile"": 0.5}",0.9462962962962962,0.9570601851851852,0.9333333333333332,0.1299494723356285,0.9047619047619048,1.0,0.95,1.0,0.8,0.8888888888888888,1.0,1.0,1.0,0.9970356926799758,0.0612854166666666,,,,,,,,raw_cel_rma
task_b_field_effect,elastic_net,0,0,118,30,1.0,"{""model__C"": 0.05, ""model__l1_ratio"": 0.5, ""univariate__k"": 50, ""variance_quantile__quantile"": 0.5}",1.0,1.0,1.0,0.1308312944723716,1.0,1.0,1.0,1.0,1.0,1.0,,,,,,1.0,1.0,0.0174024333935836,1.0,1.0,1.0,1.0,raw_cel_rma
task_b_field_effect,linear_svm,0,0,118,30,1.0,"{""model__C"": 0.05, ""univariate__k"": 20, ""variance_quantile__quantile"": 0.5}",1.0,1.0,1.0,0.0578037286108972,1.0,1.0,1.0,1.0,1.0,1.0,,,,,,1.0,1.0,0.0043250156225041,1.0,1.0,1.0,1.0,raw_cel_rma
task_b_field_effect,random_forest,0,0,118,30,0.9908424908424908,"{""model__max_features"": ""sqrt"", ""model__min_samples_leaf"": 1, ""model__n_estimators"": 200, ""univariate__k"": 20, ""variance_quantile__quantile"": 0.5}",1.0,1.0,1.0,0.0454124939811766,1.0,1.0,1.0,1.0,1.0,1.0,,,,,,1.0,1.0,0.0091316666666666,1.0,1.0,1.0,1.0,raw_cel_rma
task_b_field_effect,elastic_net,0,1,118,30,1.0,"{""model__C"": 0.05, ""model__l1_ratio"": 0.8, ""univariate__k"": 50, ""variance_quantile__quantile"": 0.5}",1.0,1.0,1.0,0.1795433113657698,1.0,1.0,1.0,1.0,1.0,1.0,,,,,,1.0,1.0,0.0307604048346164,1.0,1.0,1.0,1.0,raw_cel_rma
task_b_field_effect,linear_svm,0,1,118,30,1.0,"{""model__C"": 0.05, ""univariate__k"": 50, ""variance_quantile__quantile"": 0.5}",1.0,1.0,1.0,0.0556647403849242,1.0,1.0,1.0,1.0,1.0,1.0,,,,,,1.0,1.0,0.0057435784126145,1.0,1.0,1.0,1.0,raw_cel_rma
task_b_field_effect,random_forest,0,1,118,30,0.98125,"{""model__max_features"": ""sqrt"", ""model__min_samples_leaf"": 1, ""model__n_estimators"": 200, ""univariate__k"": 50, ""variance_quantile__quantile"": 0.5}",1.0,1.0,1.0,0.0385342325959186,1.0,1.0,1.0,1.0,1.0,1.0,,,,,,1.0,1.0,0.0052941666666666,1.0,1.0,1.0,1.0,raw_cel_rma
task_b_field_effect,elastic_net,0,2,119,29,1.0,"{""model__C"": 0.2, ""model__l1_ratio"": 0.5, ""univariate__k"": 50, ""variance_quantile__quantile"": 0.5}",1.0,1.0,1.0,0.05020752673867,1.0,1.0,1.0,1.0,1.0,1.0,,,,,,1.0,1.0,0.0039640227231923,1.0,1.0,1.0,1.0,raw_cel_rma
task_b_field_effect,linear_svm,0,2,119,29,1.0,"{""model__C"": 0.05, ""univariate__k"": 50, ""variance_quantile__quantile"": 0.5}",1.0,1.0,1.0,0.0663089317249811,1.0,1.0,1.0,1.0,1.0,1.0,,,,,,1.0,1.0,0.0053849324014378,1.0,1.0,1.0,1.0,raw_cel_rma
task_b_field_effect,random_forest,0,2,119,29,0.98125,"{""model__max_features"": ""sqrt"", ""model__min_samples_leaf"": 1, ""model__n_estimators"": 200, ""univariate__k"": 20, ""variance_quantile__quantile"": 0.5}",1.0,1.0,1.0,0.0343339100531215,1.0,1.0,1.0,1.0,1.0,1.0,,,,,,1.0,1.0,0.0037370689655172,1.0,1.0,1.0,1.0,raw_cel_rma
task_b_field_effect,elastic_net,0,3,119,29,1.0,"{""model__C"": 0.05, ""model__l1_ratio"": 0.2, ""univariate__k"": 20, ""variance_quantile__quantile"": 0.5}",0.9626769626769628,0.9658722762171038,0.9736842105263156,0.1091187074120252,1.0,0.9473684210526316,0.972972972972973,0.9090909090909092,1.0,0.9523809523809524,,,,,,1.0,1.0,0.0211425049222053,1.0,0.9473684210526316,1.0,0.9090909090909092,raw_cel_rma
task_b_field_effect,linear_svm,0,3,119,29,1.0,"{""model__C"": 0.05, ""univariate__k"": 20, ""variance_quantile__quantile"": 0.5}",1.0,1.0,1.0,0.0733673998067894,1.0,1.0,1.0,1.0,1.0,1.0,,,,,,1.0,1.0,0.0112950200046849,1.0,1.0,1.0,1.0,raw_cel_rma
task_b_field_effect,random_forest,0,3,119,29,0.990372272143774,"{""model__max_features"": ""sqrt"", ""model__min_samples_leaf"": 1, ""model__n_estimators"": 200, ""univariate__k"": 20, ""variance_quantile__quantile"": 0.5}",0.9626769626769628,0.9658722762171038,0.9736842105263156,0.0671302359720398,1.0,0.9473684210526316,0.972972972972973,0.9090909090909092,1.0,0.9523809523809524,,,,,,1.0,1.0,0.019201724137931,1.0,0.9473684210526316,1.0,0.9090909090909092,raw_cel_rma
task_b_field_effect,elastic_net,0,4,118,30,0.9906692406692408,"{""model__C"": 0.05, ""model__l1_ratio"": 0.2, ""univariate__k"": 20, ""variance_quantile__quantile"": 0.5}",1.0,1.0,1.0,0.0850780009678169,1.0,1.0,1.0,1.0,1.0,1.0,,,,,,1.0,1.0,0.0095205823703098,1.0,1.0,1.0,1.0,raw_cel_rma
task_b_field_effect,linear_svm,0,4,118,30,1.0,"{""model__C"": 0.05, ""univariate__k"": 50, ""variance_quantile__quantile"": 0.5}",1.0,1.0,1.0,0.0686255537845757,1.0,1.0,1.0,1.0,1.0,1.0,,,,,,1.0,1.0,0.0076966199761668,1.0,1.0,1.0,1.0,raw_cel_rma
task_b_field_effect,random_forest,0,4,118,30,0.9906692406692408,"{""model__max_features"": ""sqrt"", ""model__min_samples_leaf"": 1, ""model__n_estimators"": 200, ""univariate__k"": 20, ""variance_quantile__quantile"": 0.5}",1.0,1.0,1.0,0.0329790438290871,1.0,1.0,1.0,1.0,1.0,1.0,,,,,,1.0,1.0,0.0032908333333333,1.0,1.0,1.0,1.0,raw_cel_rma
task_b_field_effect,elastic_net,1,0,118,30,1.0,"{""model__C"": 0.05, ""model__l1_ratio"": 0.5, ""univariate__k"": 20, ""variance_quantile__quantile"": 0.5}",1.0,1.0,1.0,0.148789147819405,1.0,1.0,1.0,1.0,1.0,1.0,,,,,,1.0,1.0,0.0230138715736266,1.0,1.0,1.0,1.0,raw_cel_rma
task_b_field_effect,linear_svm,1,0,118,30,1.0,"{""model__C"": 0.05, ""univariate__k"": 20, ""variance_quantile__quantile"": 0.5}",1.0,1.0,1.0,0.0830455158561263,1.0,1.0,1.0,1.0,1.0,1.0,,,,,,1.0,1.0,0.0123266022658309,1.0,1.0,1.0,1.0,raw_cel_rma
task_b_field_effect,random_forest,1,0,118,30,0.9906692406692408,"{""model__max_features"": ""sqrt"", ""model__min_samples_leaf"": 1, ""model__n_estimators"": 200, ""univariate__k"": 50, ""variance_quantile__quantile"": 0.5}",1.0,1.0,1.0,0.0688781356354702,1.0,1.0,1.0,1.0,1.0,1.0,,,,,,1.0,1.0,0.0136933333333333,1.0,1.0,1.0,1.0,raw_cel_rma
task_b_field_effect,elastic_net,1,1,118,30,0.9906692406692408,"{""model__C"": 0.05, ""model__l1_ratio"": 0.2, ""univariate__k"": 20, ""variance_quantile__quantile"": 0.5}",1.0,1.0,1.0,0.1081907376287348,1.0,1.0,1.0,1.0,1.0,1.0,,,,,,1.0,1.0,0.0163306204884975,1.0,1.0,1.0,1.0,raw_cel_rma
task_b_field_effect,linear_svm,1,1,118,30,1.0,"{""model__C"": 0.2, ""univariate__k"": 20, ""variance_quantile__quantile"": 0.5}",1.0,1.0,1.0,0.0706174732187176,1.0,1.0,1.0,1.0,1.0,1.0,,,,,,1.0,1.0,0.0071896633911011,1.0,1.0,1.0,1.0,raw_cel_rma
task_b_field_effect,random_forest,1,1,118,30,0.9810415128130148,"{""model__max_features"": ""sqrt"", ""model__min_samples_leaf"": 1, ""model__n_estimators"": 200, ""univariate__k"": 20, ""variance_quantile__quantile"": 0.5}",1.0,1.0,1.0,0.0355943183209775,1.0,1.0,1.0,1.0,1.0,1.0,,,,,,1.0,1.0,0.0059616666666666,1.0,1.0,1.0,1.0,raw_cel_rma
task_b_field_effect,elastic_net,1,2,118,30,1.0,"{""model__C"": 0.05, ""model__l1_ratio"": 0.2, ""univariate__k"": 20, ""variance_quantile__quantile"": 0.5}",0.9633699633699632,0.9670329670329668,0.975,0.0988726233425589,1.0,0.95,0.9743589743589745,0.9090909090909092,1.0,0.9523809523809524,,,,,,1.0,1.0,0.0215383134327756,1.0,0.95,1.0,0.9090909090909092,raw_cel_rma
task_b_field_effect,linear_svm,1,2,118,30,1.0,"{""model__C"": 0.05, ""univariate__k"": 20, ""variance_quantile__quantile"": 0.5}",1.0,1.0,1.0,0.0604006726342059,1.0,1.0,1.0,1.0,1.0,1.0,,,,,,1.0,1.0,0.0097023490902114,1.0,1.0,1.0,1.0,raw_cel_rma
task_b_field_effect,random_forest,1,2,118,30,0.9902159244264508,"{""model__max_features"": ""sqrt"", ""model__min_samples_leaf"": 1, ""model__n_estimators"": 200, ""univariate__k"": 20, ""variance_quantile__quantile"": 0.5}",0.9633699633699632,0.9670329670329668,0.975,0.0434446331711999,1.0,0.95,0.9743589743589745,0.9090909090909092,1.0,0.9523809523809524,,,,,,1.0,1.0,0.0140891666666666,1.0,0.95,1.0,0.9090909090909092,raw_cel_rma
task_b_field_effect,elastic_net,1,3,119,29,1.0,"{""model__C"": 0.05, ""model__l1_ratio"": 0.5, ""univariate__k"": 50, ""variance_quantile__quantile"": 0.5}",1.0,1.0,1.0,0.1278220111457503,1.0,1.0,1.0,1.0,1.0,1.0,,,,,,1.0,1.0,0.0180882556472034,1.0,1.0,1.0,1.0,raw_cel_rma
task_b_field_effect,linear_svm,1,3,119,29,1.0,"{""model__C"": 0.05, ""univariate__k"": 50, ""variance_quantile__quantile"": 0.5}",1.0,1.0,1.0,0.0613958844791672,1.0,1.0,1.0,1.0,1.0,1.0,,,,,,1.0,1.0,0.0055439285825672,1.0,1.0,1.0,1.0,raw_cel_rma
task_b_field_effect,random_forest,1,3,119,29,0.9810584152689416,"{""model__max_features"": ""sqrt"", ""model__min_samples_leaf"": 1, ""model__n_estimators"": 200, ""univariate__k"": 20, ""variance_quantile__quantile"": 0.5}",1.0,1.0,1.0,0.043280426503604,1.0,1.0,1.0,1.0,1.0,1.0,,,,,,1.0,1.0,0.0052189655172413,1.0,1.0,1.0,1.0,raw_cel_rma
task_b_field_effect,elastic_net,1,4,119,29,1.0,"{""model__C"": 0.05, ""model__l1_ratio"": 0.8, ""univariate__k"": 50, ""variance_quantile__quantile"": 0.5}",1.0,1.0,1.0,0.1883200814596853,1.0,1.0,1.0,1.0,1.0,1.0,,,,,,1.0,1.0,0.0312492950265356,1.0,1.0,1.0,1.0,raw_cel_rma
task_b_field_effect,linear_svm,1,4,119,29,1.0,"{""model__C"": 0.05, ""univariate__k"": 50, ""variance_quantile__quantile"": 0.5}",1.0,1.0,1.0,0.0527930904055461,1.0,1.0,1.0,1.0,1.0,1.0,,,,,,1.0,1.0,0.0037812947003602,1.0,1.0,1.0,1.0,raw_cel_rma
task_b_field_effect,random_forest,1,4,119,29,0.9908424908424908,"{""model__max_features"": ""sqrt"", ""model__min_samples_leaf"": 3, ""model__n_estimators"": 200, ""univariate__k"": 20, ""variance_quantile__quantile"": 0.5}",1.0,1.0,1.0,0.041447245681648,1.0,1.0,1.0,1.0,1.0,1.0,,,,,,1.0,1.0,0.0067669414889899,1.0,1.0,1.0,1.0,raw_cel_rma
task_b_field_effect,elastic_net,2,0,118,30,1.0,"{""model__C"": 0.05, ""model__l1_ratio"": 0.5, ""univariate__k"": 50, ""variance_quantile__quantile"": 0.5}",1.0,1.0,1.0,0.1312662764072424,1.0,1.0,1.0,1.0,1.0,1.0,,,,,,1.0,1.0,0.0178865794324549,1.0,1.0,1.0,1.0,raw_cel_rma
task_b_field_effect,linear_svm,2,0,118,30,1.0,"{""model__C"": 0.05, ""univariate__k"": 20, ""variance_quantile__quantile"": 0.5}",1.0,1.0,1.0,0.0678825816441554,1.0,1.0,1.0,1.0,1.0,1.0,,,,,,1.0,1.0,0.0074301884158453,1.0,1.0,1.0,1.0,raw_cel_rma
task_b_field_effect,random_forest,2,0,118,30,0.9906692406692408,"{""model__max_features"": ""sqrt"", ""model__min_samples_leaf"": 1, ""model__n_estimators"": 200, ""univariate__k"": 20, ""variance_quantile__quantile"": 0.5}",1.0,1.0,1.0,0.0485707144441474,1.0,1.0,1.0,1.0,1.0,1.0,,,,,,1.0,1.0,0.0099133333333333,1.0,1.0,1.0,1.0,raw_cel_rma
task_b_field_effect,elastic_net,2,1,118,30,1.0,"{""model__C"": 0.05, ""model__l1_ratio"": 0.2, ""univariate__k"": 20, ""variance_quantile__quantile"": 0.5}",0.9633699633699632,0.9670329670329668,0.975,0.1197303292415374,1.0,0.95,0.9743589743589745,0.9090909090909092,1.0,0.9523809523809524,,,,,,1.0,1.0,0.0264967169900309,1.0,0.95,1.0,0.9090909090909092,raw_cel_rma
task_b_field_effect,linear_svm,2,1,118,30,1.0,"{""model__C"": 0.05, ""univariate__k"": 20, ""variance_quantile__quantile"": 0.5}",0.9633699633699632,0.9670329670329668,0.975,0.0802444957574107,1.0,0.95,0.9743589743589745,0.9090909090909092,1.0,0.9523809523809524,,,,,,1.0,1.0,0.0152125674922943,1.0,0.95,1.0,0.9090909090909092,raw_cel_rma
task_b_field_effect,random_forest,2,1,118,30,1.0,"{""model__max_features"": ""sqrt"", ""model__min_samples_leaf"": 1, ""model__n_estimators"": 200, ""univariate__k"": 20, ""variance_quantile__quantile"": 0.5}",0.9633699633699632,0.9670329670329668,0.975,0.0618290984027153,1.0,0.95,0.9743589743589745,0.9090909090909092,1.0,0.9523809523809524,,,,,,1.0,1.0,0.0162483333333333,1.0,0.95,1.0,0.9090909090909092,raw_cel_rma
task_b_field_effect,elastic_net,2,2,118,30,1.0,"{""model__C"": 0.05, ""model__l1_ratio"": 0.5, ""univariate__k"": 50, ""variance_quantile__quantile"": 0.5}",1.0,1.0,1.0,0.159234071312635,1.0,1.0,1.0,1.0,1.0,1.0,,,,,,1.0,1.0,0.0253686870129984,1.0,1.0,1.0,1.0,raw_cel_rma
task_b_field_effect,linear_svm,2,2,118,30,1.0,"{""model__C"": 0.05, ""univariate__k"": 50, ""variance_quantile__quantile"": 0.5}",1.0,1.0,1.0,0.0713360742269677,1.0,1.0,1.0,1.0,1.0,1.0,,,,,,1.0,1.0,0.0070728601826054,1.0,1.0,1.0,1.0,raw_cel_rma
task_b_field_effect,random_forest,2,2,118,30,0.9809210526315788,"{""model__max_features"": ""sqrt"", ""model__min_samples_leaf"": 1, ""model__n_estimators"": 200, ""univariate__k"": 20, ""variance_quantile__quantile"": 0.5}",1.0,1.0,1.0,0.0474199099798503,1.0,1.0,1.0,1.0,1.0,1.0,,,,,,1.0,1.0,0.0061066666666666,1.0,1.0,1.0,1.0,raw_cel_rma
task_b_field_effect,elastic_net,2,3,119,29,1.0,"{""model__C"": 0.05, ""model__l1_ratio"": 0.2, ""univariate__k"": 20, ""variance_quantile__quantile"": 0.5}",1.0,1.0,1.0,0.0869794166961344,1.0,1.0,1.0,1.0,1.0,1.0,,,,,,1.0,1.0,0.0113362534383152,1.0,1.0,1.0,1.0,raw_cel_rma
task_b_field_effect,linear_svm,2,3,119,29,1.0,"{""model__C"": 0.05, ""univariate__k"": 20, ""variance_quantile__quantile"": 0.5}",1.0,1.0,1.0,0.0610126642802597,1.0,1.0,1.0,1.0,1.0,1.0,,,,,,1.0,1.0,0.0054711662055729,1.0,1.0,1.0,1.0,raw_cel_rma
task_b_field_effect,random_forest,2,3,119,29,0.9816849816849818,"{""model__max_features"": ""sqrt"", ""model__min_samples_leaf"": 1, ""model__n_estimators"": 200, ""univariate__k"": 20, ""variance_quantile__quantile"": 0.5}",1.0,1.0,1.0,0.0388115625415164,1.0,1.0,1.0,1.0,1.0,1.0,,,,,,1.0,1.0,0.0047172413793103,1.0,1.0,1.0,1.0,raw_cel_rma
task_b_field_effect,elastic_net,2,4,119,29,1.0,"{""model__C"": 0.05, ""model__l1_ratio"": 0.8, ""univariate__k"": 20, ""variance_quantile__quantile"": 0.5}",1.0,1.0,1.0,0.1707842083639391,1.0,1.0,1.0,1.0,1.0,1.0,,,,,,1.0,1.0,0.0263928489831692,1.0,1.0,1.0,1.0,raw_cel_rma
task_b_field_effect,linear_svm,2,4,119,29,1.0,"{""model__C"": 0.05, ""univariate__k"": 20, ""variance_quantile__quantile"": 0.5}",1.0,1.0,1.0,0.0451686084930283,1.0,1.0,1.0,1.0,1.0,1.0,,,,,,1.0,1.0,0.0027433145797392,1.0,1.0,1.0,1.0,raw_cel_rma
task_b_field_effect,random_forest,2,4,119,29,0.9906692406692408,"{""model__max_features"": ""sqrt"", ""model__min_samples_leaf"": 1, ""model__n_estimators"": 200, ""univariate__k"": 20, ""variance_quantile__quantile"": 0.5}",1.0,1.0,1.0,0.0128107891112597,1.0,1.0,1.0,1.0,1.0,1.0,,,,,,1.0,1.0,0.0007465517241379,1.0,1.0,1.0,1.0,raw_cel_rma
task_c_tumor_vs_adjacent,elastic_net,0,0,156,40,0.9871625847235604,"{""model__C"": 0.05, ""model__l1_ratio"": 0.2, ""univariate__k"": 20, ""variance_quantile__quantile"": 0.5}",1.0,1.0,1.0,0.0680194543442715,1.0,1.0,1.0,,,,1.0,1.0,1.0,,,1.0,1.0,0.0084421353230798,1.0,1.0,1.0,1.0,raw_cel_rma
task_c_tumor_vs_adjacent,linear_svm,0,0,156,40,0.9871625847235604,"{""model__C"": 0.05, ""univariate__k"": 20, ""variance_quantile__quantile"": 0.5}",1.0,1.0,1.0,0.0529805591126924,1.0,1.0,1.0,,,,1.0,1.0,1.0,,,1.0,1.0,0.0059182191183589,1.0,1.0,1.0,1.0,raw_cel_rma
task_c_tumor_vs_adjacent,random_forest,0,0,156,40,0.9808851650956916,"{""model__max_features"": ""sqrt"", ""model__min_samples_leaf"": 1, ""model__n_estimators"": 200, ""univariate__k"": 20, ""variance_quantile__quantile"": 0.5}",1.0,1.0,1.0,0.0220981124909605,1.0,1.0,1.0,,,,1.0,1.0,1.0,,,1.0,1.0,0.004483125,1.0,1.0,1.0,1.0,raw_cel_rma
task_c_tumor_vs_adjacent,elastic_net,0,1,156,40,0.987492182614134,"{""model__C"": 0.05, ""model__l1_ratio"": 0.2, ""univariate__k"": 20, ""variance_quantile__quantile"": 0.5}",1.0,1.0,1.0,0.0576952330104938,1.0,1.0,1.0,,,,1.0,1.0,1.0,,,1.0,1.0,0.0052044182323227,1.0,1.0,1.0,1.0,raw_cel_rma
task_c_tumor_vs_adjacent,linear_svm,0,1,156,40,0.987492182614134,"{""model__C"": 0.05, ""univariate__k"": 20, ""variance_quantile__quantile"": 0.5}",1.0,1.0,1.0,0.0439903474151525,1.0,1.0,1.0,,,,1.0,1.0,1.0,,,1.0,1.0,0.0031147454386272,1.0,1.0,1.0,1.0,raw_cel_rma
task_c_tumor_vs_adjacent,random_forest,0,1,156,40,0.987492182614134,"{""model__max_features"": ""sqrt"", ""model__min_samples_leaf"": 1, ""model__n_estimators"": 200, ""univariate__k"": 20, ""variance_quantile__quantile"": 0.5}",1.0,1.0,1.0,0.0142156397059087,1.0,1.0,1.0,,,,1.0,1.0,1.0,,,1.0,1.0,0.0011068749999999,1.0,1.0,1.0,1.0,raw_cel_rma
task_c_tumor_vs_adjacent,elastic_net,0,2,156,40,0.9937460913070668,"{""model__C"": 0.05, ""model__l1_ratio"": 0.8, ""univariate__k"": 20, ""variance_quantile__quantile"": 0.5}",1.0,1.0,1.0,0.1234387238051085,1.0,1.0,1.0,,,,1.0,1.0,1.0,,,1.0,1.0,0.0146034336442642,1.0,1.0,1.0,1.0,raw_cel_rma
task_c_tumor_vs_adjacent,linear_svm,0,2,156,40,0.9937460913070668,"{""model__C"": 0.05, ""univariate__k"": 20, ""variance_quantile__quantile"": 0.5}",1.0,1.0,1.0,0.0397038120363693,1.0,1.0,1.0,,,,1.0,1.0,1.0,,,1.0,1.0,0.0019901069241412,1.0,1.0,1.0,1.0,raw_cel_rma
task_c_tumor_vs_adjacent,random_forest,0,2,156,40,0.9937460913070668,"{""model__max_features"": ""sqrt"", ""model__min_samples_leaf"": 1, ""model__n_estimators"": 200, ""univariate__k"": 20, ""variance_quantile__quantile"": 0.5}",1.0,1.0,1.0,0.002011348960035,1.0,1.0,1.0,,,,1.0,1.0,1.0,,,1.0,1.0,2.2500000000000025e-05,1.0,1.0,1.0,1.0,raw_cel_rma
task_c_tumor_vs_adjacent,elastic_net,0,3,158,38,1.0,"{""model__C"": 0.2, ""model__l1_ratio"": 0.2, ""univariate__k"": 20, ""variance_quantile__quantile"": 0.5}",1.0,1.0,1.0,0.0252177609955018,1.0,1.0,1.0,,,,1.0,1.0,1.0,,,1.0,0.9999999999999998,0.0029103140879467,1.0,1.0,1.0,1.0,raw_cel_rma
task_c_tumor_vs_adjacent,linear_svm,0,3,158,38,0.9937460913070668,"{""model__C"": 0.05, ""univariate__k"": 20, ""variance_quantile__quantile"": 0.5}",1.0,1.0,1.0,0.0505205641875618,1.0,1.0,1.0,,,,1.0,1.0,1.0,,,1.0,0.9999999999999998,0.0051409333196966,1.0,1.0,1.0,1.0,raw_cel_rma
task_c_tumor_vs_adjacent,random_forest,0,3,158,38,0.9937460913070668,"{""model__max_features"": ""sqrt"", ""model__min_samples_leaf"": 1, ""model__n_estimators"": 200, ""univariate__k"": 20, ""variance_quantile__quantile"": 0.5}",0.9736659736659736,0.9736659736659736,0.9736842105263156,0.0401651066903147,1.0,0.9473684210526316,0.972972972972973,,,,0.95,1.0,0.9743589743589745,,,1.0,1.0,0.0092730263157894,1.0,0.9473684210526316,1.0,0.95,raw_cel_rma
task_c_tumor_vs_adjacent,elastic_net,0,4,158,38,1.0,"{""model__C"": 0.05, ""model__l1_ratio"": 0.2, ""univariate__k"": 20, ""variance_quantile__quantile"": 0.5}",0.9472222222222222,0.947222222222222,0.9473684210526316,0.1211363755861411,0.9047619047619048,1.0,0.95,,,,1.0,0.8947368421052632,0.9444444444444444,,,1.0,0.9999999999999998,0.0299202549234382,0.8947368421052632,1.0,0.9047619047619048,1.0,raw_cel_rma
task_c_tumor_vs_adjacent,linear_svm,0,4,158,38,1.0,"{""model__C"": 0.05, ""univariate__k"": 20, ""variance_quantile__quantile"": 0.5}",0.9472222222222222,0.947222222222222,0.9473684210526316,0.1145919139989803,0.9047619047619048,1.0,0.95,,,,1.0,0.8947368421052632,0.9444444444444444,,,1.0,0.9999999999999998,0.0307465151386734,0.8947368421052632,1.0,0.9047619047619048,1.0,raw_cel_rma
task_c_tumor_vs_adjacent,random_forest,0,4,158,38,1.0,"{""model__max_features"": ""sqrt"", ""model__min_samples_leaf"": 1, ""model__n_estimators"": 200, ""univariate__k"": 20, ""variance_quantile__quantile"": 0.5}",0.9736659736659736,0.9736659736659736,0.9736842105263156,0.0716096047168707,0.95,1.0,0.9743589743589745,,,,1.0,0.9473684210526316,0.972972972972973,,,1.0,1.0,0.019828947368421,0.9473684210526316,1.0,0.95,1.0,raw_cel_rma
task_c_tumor_vs_adjacent,elastic_net,1,0,156,40,0.9937460913070668,"{""model__C"": 0.05, ""model__l1_ratio"": 0.2, ""univariate__k"": 20, ""variance_quantile__quantile"": 0.5}",0.9749843652282676,0.9749843652282676,0.975,0.084748584105379,0.9523809523809524,1.0,0.975609756097561,,,,1.0,0.95,0.9743589743589745,,,1.0,1.0,0.0155211610898964,0.95,1.0,0.9523809523809524,1.0,raw_cel_rma
task_c_tumor_vs_adjacent,linear_svm,1,0,156,40,0.9937460913070668,"{""model__C"": 0.05, ""univariate__k"": 20, ""variance_quantile__quantile"": 0.5}",0.9749843652282676,0.9749843652282676,0.975,0.0718384890440208,0.9523809523809524,1.0,0.975609756097561,,,,1.0,0.95,0.9743589743589745,,,1.0,1.0,0.0129448220161345,0.95,1.0,0.9523809523809524,1.0,raw_cel_rma
task_c_tumor_vs_adjacent,random_forest,1,0,156,40,0.9871625847235604,"{""model__max_features"": ""sqrt"", ""model__min_samples_leaf"": 1, ""model__n_estimators"": 200, ""univariate__k"": 20, ""variance_quantile__quantile"": 0.5}",1.0,1.0,1.0,0.0393157857328733,1.0,1.0,1.0,,,,1.0,1.0,1.0,,,1.0,1.0,0.010230625,1.0,1.0,1.0,1.0,raw_cel_rma
task_c_tumor_vs_adjacent,elastic_net,1,1,156,40,1.0,"{""model__C"": 0.05, ""model__l1_ratio"": 0.8, ""univariate__k"": 20, ""variance_quantile__quantile"": 0.5}",0.9749843652282676,0.9749843652282676,0.975,0.1722551827976056,0.9523809523809524,1.0,0.975609756097561,,,,1.0,0.95,0.9743589743589745,,,0.995,0.9954545454545454,0.0334092988900517,0.95,1.0,0.9523809523809524,1.0,raw_cel_rma
task_c_tumor_vs_adjacent,linear_svm,1,1,156,40,1.0,"{""model__C"": 0.2, ""univariate__k"": 20, ""variance_quantile__quantile"": 0.5}",0.9749843652282676,0.9749843652282676,0.975,0.104730789105148,0.9523809523809524,1.0,0.975609756097561,,,,1.0,0.95,0.9743589743589745,,,0.995,0.9954545454545454,0.0238395758138605,0.95,1.0,0.9523809523809524,1.0,raw_cel_rma
task_c_tumor_vs_adjacent,random_forest,1,1,156,40,1.0,"{""model__max_features"": ""sqrt"", ""model__min_samples_leaf"": 1, ""model__n_estimators"": 200, ""univariate__k"": 20, ""variance_quantile__quantile"": 0.5}",0.9749843652282676,0.9749843652282676,0.975,0.070507259568377,0.9523809523809524,1.0,0.975609756097561,,,,1.0,0.95,0.9743589743589745,,,0.995,0.9954545454545456,0.0209712499999999,0.95,1.0,0.9523809523809524,1.0,raw_cel_rma
task_c_tumor_vs_adjacent,elastic_net,1,2,156,40,0.9934164934164934,"{""model__C"": 0.05, ""model__l1_ratio"": 0.2, ""univariate__k"": 50, ""variance_quantile__quantile"": 0.5}",0.9749843652282676,0.9749843652282676,0.975,0.0771833427929283,0.9523809523809524,1.0,0.975609756097561,,,,1.0,0.95,0.9743589743589745,,,1.0,1.0,0.0151765786039701,0.95,1.0,0.9523809523809524,1.0,raw_cel_rma
task_c_tumor_vs_adjacent,linear_svm,1,2,156,40,0.9868055555555556,"{""model__C"": 0.05, ""univariate__k"": 20, ""variance_quantile__quantile"": 0.5}",1.0,1.0,1.0,0.0646589039849509,1.0,1.0,1.0,,,,1.0,1.0,1.0,,,1.0,1.0,0.0103922842020968,1.0,1.0,1.0,1.0,raw_cel_rma
task_c_tumor_vs_adjacent,random_forest,1,2,156,40,0.973611111111111,"{""model__max_features"": ""sqrt"", ""model__min_samples_leaf"": 1, ""model__n_estimators"": 200, ""univariate__k"": 50, ""variance_quantile__quantile"": 0.5}",0.9749843652282676,0.9749843652282676,0.975,0.0436026768549305,0.9523809523809524,1.0,0.975609756097561,,,,1.0,0.95,0.9743589743589745,,,1.0,1.0,0.011719375,0.95,1.0,0.9523809523809524,1.0,raw_cel_rma
task_c_tumor_vs_adjacent,elastic_net,1,3,158,38,0.987492182614134,"{""model__C"": 0.05, ""model__l1_ratio"": 0.2, ""univariate__k"": 20, ""variance_quantile__quantile"": 0.5}",1.0,1.0,1.0,0.0527563875204658,1.0,1.0,1.0,,,,1.0,1.0,1.0,,,1.0,0.9999999999999998,0.0032410562096384,1.0,1.0,1.0,1.0,raw_cel_rma
task_c_tumor_vs_adjacent,linear_svm,1,3,158,38,0.987492182614134,"{""model__C"": 0.05, ""univariate__k"": 20, ""variance_quantile__quantile"": 0.5}",1.0,1.0,1.0,0.0422176104523338,1.0,1.0,1.0,,,,1.0,1.0,1.0,,,1.0,0.9999999999999998,0.002112393018062,1.0,1.0,1.0,1.0,raw_cel_rma
task_c_tumor_vs_adjacent,random_forest,1,3,158,38,0.987492182614134,"{""model__max_features"": ""sqrt"", ""model__min_samples_leaf"": 1, ""model__n_estimators"": 200, ""univariate__k"": 50, ""variance_quantile__quantile"": 0.5}",1.0,1.0,1.0,0.0216012199640698,1.0,1.0,1.0,,,,1.0,1.0,1.0,,,1.0,1.0,0.0015092105263157,1.0,1.0,1.0,1.0,raw_cel_rma
task_c_tumor_vs_adjacent,elastic_net,1,4,158,38,0.9937460913070668,"{""model__C"": 0.2, ""model__l1_ratio"": 0.8, ""univariate__k"": 50, ""variance_quantile__quantile"": 0.5}",1.0,1.0,1.0,0.0354335835905881,1.0,1.0,1.0,,,,1.0,1.0,1.0,,,1.0,0.9999999999999998,0.0021607710452368,1.0,1.0,1.0,1.0,raw_cel_rma
task_c_tumor_vs_adjacent,linear_svm,1,4,158,38,0.9937460913070668,"{""model__C"": 0.05, ""univariate__k"": 50, ""variance_quantile__quantile"": 0.5}",1.0,1.0,1.0,0.0466626934810079,1.0,1.0,1.0,,,,1.0,1.0,1.0,,,1.0,0.9999999999999998,0.0031315099089614,1.0,1.0,1.0,1.0,raw_cel_rma
task_c_tumor_vs_adjacent,random_forest,1,4,158,38,1.0,"{""model__max_features"": ""sqrt"", ""model__min_samples_leaf"": 1, ""model__n_estimators"": 200, ""univariate__k"": 20, ""variance_quantile__quantile"": 0.5}",1.0,1.0,1.0,0.0119151410627905,1.0,1.0,1.0,,,,1.0,1.0,1.0,,,1.0,1.0,0.0008809210526315,1.0,1.0,1.0,1.0,raw_cel_rma
task_c_tumor_vs_adjacent,elastic_net,2,0,156,40,1.0,"{""model__C"": 0.2, ""model__l1_ratio"": 0.5, ""univariate__k"": 50, ""variance_quantile__quantile"": 0.5}",0.9749843652282676,0.9749843652282676,0.975,0.0591267366512214,0.9523809523809524,1.0,0.975609756097561,,,,1.0,0.95,0.9743589743589745,,,1.0,1.0,0.016615474944812,0.95,1.0,0.9523809523809524,1.0,raw_cel_rma
task_c_tumor_vs_adjacent,linear_svm,2,0,156,40,1.0,"{""model__C"": 0.2, ""univariate__k"": 20, ""variance_quantile__quantile"": 0.5}",0.9749843652282676,0.9749843652282676,0.975,0.0791957390348533,0.9523809523809524,1.0,0.975609756097561,,,,1.0,0.95,0.9743589743589745,,,1.0,1.0,0.0187792641771138,0.95,1.0,0.9523809523809524,1.0,raw_cel_rma
task_c_tumor_vs_adjacent,random_forest,2,0,156,40,1.0,"{""model__max_features"": ""sqrt"", ""model__min_samples_leaf"": 1, ""model__n_estimators"": 200, ""univariate__k"": 20, ""variance_quantile__quantile"": 0.5}",0.9749843652282676,0.9749843652282676,0.975,0.0325340328378952,0.9523809523809524,1.0,0.975609756097561,,,,1.0,0.95,0.9743589743589745,,,1.0,1.0,0.0100137499999999,0.95,1.0,0.9523809523809524,1.0,raw_cel_rma
task_c_tumor_vs_adjacent,elastic_net,2,1,156,40,0.9934164934164934,"{""model__C"": 0.05, ""model__l1_ratio"": 0.8, ""univariate__k"": 20, ""variance_quantile__quantile"": 0.5}",1.0,1.0,1.0,0.1355115856375086,1.0,1.0,1.0,,,,1.0,1.0,1.0,,,1.0,1.0,0.0169644931335432,1.0,1.0,1.0,1.0,raw_cel_rma
task_c_tumor_vs_adjacent,linear_svm,2,1,156,40,0.9934164934164934,"{""model__C"": 0.05, ""univariate__k"": 20, ""variance_quantile__quantile"": 0.5}",1.0,1.0,1.0,0.043222820538075,1.0,1.0,1.0,,,,1.0,1.0,1.0,,,1.0,1.0,0.0022019864447569,1.0,1.0,1.0,1.0,raw_cel_rma
task_c_tumor_vs_adjacent,random_forest,2,1,156,40,0.9934164934164934,"{""model__max_features"": ""sqrt"", ""model__min_samples_leaf"": 1, ""model__n_estimators"": 200, ""univariate__k"": 20, ""variance_quantile__quantile"": 0.5}",1.0,1.0,1.0,0.0099289843174855,1.0,1.0,1.0,,,,1.0,1.0,1.0,,,1.0,1.0,0.000576875,1.0,1.0,1.0,1.0,raw_cel_rma
task_c_tumor_vs_adjacent,elastic_net,2,2,156,40,1.0,"{""model__C"": 0.05, ""model__l1_ratio"": 0.2, ""univariate__k"": 20, ""variance_quantile__quantile"": 0.5}",0.949874686716792,0.949874686716792,0.95,0.0939811945988051,0.9090909090909092,1.0,0.9523809523809524,,,,1.0,0.9,0.9473684210526316,,,1.0,1.0,0.0203819075287049,0.9,1.0,0.9090909090909092,1.0,raw_cel_rma
task_c_tumor_vs_adjacent,linear_svm,2,2,156,40,0.9937460913070668,"{""model__C"": 0.05, ""univariate__k"": 20, ""variance_quantile__quantile"": 0.5}",0.9749843652282676,0.9749843652282676,0.975,0.0777950830119521,0.9523809523809524,1.0,0.975609756097561,,,,1.0,0.95,0.9743589743589745,,,1.0,1.0,0.0167953916548604,0.95,1.0,0.9523809523809524,1.0,raw_cel_rma
task_c_tumor_vs_adjacent,random_forest,2,2,156,40,1.0,"{""model__max_features"": ""sqrt"", ""model__min_samples_leaf"": 1, ""model__n_estimators"": 200, ""univariate__k"": 20, ""variance_quantile__quantile"": 0.5}",0.949874686716792,0.949874686716792,0.95,0.0534735017618103,0.9090909090909092,1.0,0.9523809523809524,,,,1.0,0.9,0.9473684210526316,,,1.0,1.0,0.016723125,0.9,1.0,0.9090909090909092,1.0,raw_cel_rma
task_c_tumor_vs_adjacent,elastic_net,2,3,158,38,0.987492182614134,"{""model__C"": 0.05, ""model__l1_ratio"": 0.2, ""univariate__k"": 20, ""variance_quantile__quantile"": 0.5}",0.9736659736659736,0.9736659736659736,0.9736842105263156,0.0851655788026937,1.0,0.9473684210526316,0.972972972972973,,,,0.95,1.0,0.9743589743589745,,,1.0,0.9999999999999998,0.0153020150358691,1.0,0.9473684210526316,1.0,0.95,raw_cel_rma
task_c_tumor_vs_adjacent,linear_svm,2,3,158,38,0.987492182614134,"{""model__C"": 0.05, ""univariate__k"": 20, ""variance_quantile__quantile"": 0.5}",1.0,1.0,1.0,0.0674654749482398,1.0,1.0,1.0,,,,1.0,1.0,1.0,,,1.0,0.9999999999999998,0.0107131788122951,1.0,1.0,1.0,1.0,raw_cel_rma
task_c_tumor_vs_adjacent,random_forest,2,3,158,38,0.987492182614134,"{""model__max_features"": ""sqrt"", ""model__min_samples_leaf"": 1, ""model__n_estimators"": 200, ""univariate__k"": 50, ""variance_quantile__quantile"": 0.5}",1.0,1.0,1.0,0.0446711584040001,1.0,1.0,1.0,,,,1.0,1.0,1.0,,,1.0,1.0,0.0105723684210526,1.0,1.0,1.0,1.0,raw_cel_rma
task_c_tumor_vs_adjacent,elastic_net,2,4,158,38,0.9871625847235604,"{""model__C"": 0.05, ""model__l1_ratio"": 0.2, ""univariate__k"": 20, ""variance_quantile__quantile"": 0.5}",1.0,1.0,1.0,0.0661423020034228,1.0,1.0,1.0,,,,1.0,1.0,1.0,,,1.0,0.9999999999999998,0.0071667833370069,1.0,1.0,1.0,1.0,raw_cel_rma
task_c_tumor_vs_adjacent,linear_svm,2,4,158,38,0.9871625847235604,"{""model__C"": 0.05, ""univariate__k"": 20, ""variance_quantile__quantile"": 0.5}",1.0,1.0,1.0,0.0524668559571599,1.0,1.0,1.0,,,,1.0,1.0,1.0,,,1.0,0.9999999999999998,0.00483325093278,1.0,1.0,1.0,1.0,raw_cel_rma
task_c_tumor_vs_adjacent,random_forest,2,4,158,38,0.9937460913070668,"{""model__max_features"": ""sqrt"", ""model__min_samples_leaf"": 1, ""model__n_estimators"": 200, ""univariate__k"": 20, ""variance_quantile__quantile"": 0.5}",1.0,1.0,1.0,0.0179016033025595,1.0,1.0,1.0,,,,1.0,1.0,1.0,,,1.0,1.0,0.0014881578947368,1.0,1.0,1.0,1.0,raw_cel_rma
