task,model,metric,outer_fold_mean,outer_fold_sd,repeat_mean_sd,aggregated_oof_metric,aggregated_oof_bootstrap_ci_lower,aggregated_oof_bootstrap_ci_upper,mean,median,standard_deviation,fold_minimum,fold_maximum,repeat_mean_standard_deviation,analysis_provenance
task_a_three_class,elastic_net,f1_macro,0.9412808396977994,0.024130042979358,0.0032754440252633,0.9582328372561992,0.929143271034812,0.982001530880431,0.9412808396977994,0.9511784511784512,0.024130042979358,0.8941798941798943,0.9751179751179752,0.0032754440252633,raw_cel_rma
task_a_three_class,elastic_net,balanced_accuracy,0.947251461988304,0.0284491697505176,0.0052641324633768,0.959591836734694,0.9298388488587824,0.9841232531575104,0.947251461988304,0.9649122807017544,0.0284491697505176,0.8833333333333333,0.9824561403508772,0.0052641324633768,raw_cel_rma
task_a_three_class,elastic_net,log_loss,0.177186195367803,0.0515979868219845,0.0068843521929983,0.1703601414550385,0.1416663721516165,0.2060806526941651,0.177186195367803,0.1744770451776564,0.0515979868219845,0.1089781117655183,0.2622465698573996,0.0068843521929983,raw_cel_rma
task_a_three_class,elastic_net,roc_auc_ovr_macro,0.9934559050883914,0.006443569980735,0.0010970277239832,0.9947278911564624,0.9879036671341488,0.9993974970663478,0.9934559050883914,0.9958333333333332,0.006443569980735,0.9802777777777778,1.0,0.0010970277239832,raw_cel_rma
task_a_three_class,elastic_net,brier_score_multiclass,0.0886258083002963,0.0314439148211422,0.0055555410253614,0.0807982647624651,0.0597018256672177,0.1057162667660369,0.0886258083002963,0.0903697838200244,0.0314439148211422,0.0419388890915027,0.1366080084687073,0.0055555410253614,raw_cel_rma
task_a_three_class,linear_svm,f1_macro,0.9619873241102124,0.0350922117027613,0.013284386195983,0.9729581317062908,0.9497764050260648,0.9940585447449124,0.9619873241102124,0.9580361159308528,0.0350922117027613,0.8786192274564368,1.0,0.013284386195983,raw_cel_rma
task_a_three_class,linear_svm,balanced_accuracy,0.958654970760234,0.0401732314168997,0.0135739295925672,0.969795918367347,0.9425520780898688,0.9934640522875816,0.958654970760234,0.9649122807017544,0.0401732314168997,0.8666666666666666,1.0,0.0135739295925672,raw_cel_rma
task_a_three_class,linear_svm,log_loss,0.1385834702450396,0.0411067520366311,0.0117102252698766,0.1346023586648482,0.1116942102389904,0.1616943314508651,0.1385834702450396,0.1270775252795559,0.0411067520366311,0.0729452209252219,0.2225536181758403,0.0117102252698766,raw_cel_rma
task_a_three_class,linear_svm,roc_auc_ovr_macro,0.9977426564495532,0.0038211791743101,0.001454298361725,0.9990273947416805,0.997612095217376,0.9999591084105772,0.9977426564495532,0.9988888888888888,0.0038211791743101,0.9855555555555556,1.0,0.001454298361725,raw_cel_rma
task_a_three_class,linear_svm,brier_score_multiclass,0.0598292350031231,0.0309441758426501,0.0088127731450457,0.0535251352510656,0.0364558561113015,0.0740441660775963,0.0598292350031231,0.0560094570719863,0.0309441758426501,0.0146707024740067,0.1256419120625134,0.0088127731450457,raw_cel_rma
task_a_three_class,random_forest,f1_macro,0.9333865845629952,0.0514046530010371,0.0047210470099355,0.9572238452512368,0.9258209423636924,0.9837360617642804,0.9333865845629952,0.9337294142172192,0.0514046530010371,0.8136645962732919,1.0,0.0047210470099355,raw_cel_rma
task_a_three_class,random_forest,balanced_accuracy,0.9276608187134502,0.0547464271966683,0.0039006330165268,0.9497959183673468,0.9143274808241174,0.9807783018867924,0.9276608187134502,0.9333333333333332,0.0547464271966683,0.7999999999999999,1.0,0.0039006330165268,raw_cel_rma
task_a_three_class,random_forest,log_loss,0.1719256994007765,0.0458993370377377,0.0132918670767125,0.1673853260537448,0.1381331572162755,0.1974290537689328,0.1719256994007765,0.1544113376724944,0.0458993370377377,0.1166760002727273,0.2567216979455636,0.0132918670767125,raw_cel_rma
task_a_three_class,random_forest,roc_auc_ovr_macro,0.9933713786381662,0.0063529915498032,0.00199266185138,0.9962539069681928,0.9914352241941708,0.9993373069351508,0.9933713786381662,0.9955555555555556,0.0063529915498032,0.9838888888888888,1.0,0.00199266185138,raw_cel_rma
task_a_three_class,random_forest,brier_score_multiclass,0.0891327684498912,0.0353788979652658,0.0087334676691479,0.0831320724202759,0.061141094028562,0.1057854155637725,0.0891327684498912,0.0792707085086745,0.0353788979652658,0.0397378780914673,0.1506805529397438,0.0087334676691479,raw_cel_rma
task_b_field_effect,elastic_net,f1_macro,0.9926277926277928,0.0152626684124792,8.002082733056289e-05,0.9924854023863924,0.9758917380189536,1.0,0.9926277926277928,1.0,0.0152626684124792,0.9626769626769628,1.0,8.002082733056289e-05,raw_cel_rma
task_b_field_effect,elastic_net,balanced_accuracy,0.9949122807017544,0.0105364925743042,0.0001519342813656,0.9948979591836736,0.9838665848527348,1.0,0.9949122807017544,1.0,0.0105364925743042,0.9736842105263156,1.0,0.0001519342813656,raw_cel_rma
task_b_field_effect,elastic_net,log_loss,0.1263178496249517,0.0385005550249728,0.013309965568354,0.1255284945448272,0.1101646071104155,0.1456783362393574,0.1263178496249517,0.1278220111457503,0.0385005550249728,0.05020752673867,0.1883200814596853,0.013309965568354,raw_cel_rma
task_b_field_effect,elastic_net,roc_auc,1.0,0.0,0.0,0.9997959183673468,0.9987752009894868,1.0,1.0,1.0,0.0,1.0,1.0,0.0,raw_cel_rma
task_b_field_effect,elastic_net,pr_auc,1.0,0.0,0.0,0.999607843137255,0.9976452119309264,1.0000000000000002,1.0,1.0,0.0,1.0,1.0,0.0,raw_cel_rma
task_b_field_effect,elastic_net,brier_score,0.0200327593513009,0.0077336690958061,0.0030216807214801,0.0188278707854348,0.0138300070558731,0.0262759465818223,0.0200327593513009,0.0211425049222053,0.0077336690958061,0.0039640227231923,0.0312492950265356,0.0030216807214801,raw_cel_rma
task_b_field_effect,linear_svm,f1_macro,0.9975579975579976,0.0094578347892733,0.0042296723017554,1.0,1.0,1.0,0.9975579975579976,1.0,0.0094578347892733,0.9633699633699632,1.0,0.0042296723017554,raw_cel_rma
task_b_field_effect,linear_svm,balanced_accuracy,0.9983333333333332,0.006454972243679,0.0028867513459481,1.0,1.0,1.0,0.9983333333333332,1.0,0.006454972243679,0.975,1.0,0.0028867513459481,raw_cel_rma
task_b_field_effect,linear_svm,log_loss,0.0650444943538501,0.0101915808044897,0.0006523351565774,0.0649757523790836,0.054266324836092,0.076910131501941,0.0650444943538501,0.0663089317249811,0.0101915808044897,0.0451686084930283,0.0830455158561263,0.0006523351565774,raw_cel_rma
task_b_field_effect,linear_svm,roc_auc,1.0,0.0,0.0,1.0,1.0,1.0,1.0,1.0,0.0,1.0,1.0,0.0,raw_cel_rma
task_b_field_effect,linear_svm,pr_auc,1.0,0.0,0.0,1.0,0.9999999999999998,1.0000000000000002,1.0,1.0,0.0,1.0,1.0,0.0,raw_cel_rma
task_b_field_effect,linear_svm,brier_score,0.0073946067549024,0.0034249529731573,0.0004421201005322,0.0072252593908745,0.0043543393244974,0.0111640520621386,0.0073946067549024,0.0070728601826054,0.0034249529731573,0.0027433145797392,0.0152125674922943,0.0004421201005322,raw_cel_rma
task_b_field_effect,random_forest,f1_macro,0.9926277926277928,0.0152626684124792,8.002082733056289e-05,0.9924854023863924,0.9758917380189536,1.0,0.9926277926277928,1.0,0.0152626684124792,0.9626769626769628,1.0,8.002082733056289e-05,raw_cel_rma
task_b_field_effect,random_forest,balanced_accuracy,0.9949122807017544,0.0105364925743042,0.0001519342813656,0.9948979591836736,0.9838665848527348,1.0,0.9949122807017544,1.0,0.0105364925743042,0.9736842105263156,1.0,0.0001519342813656,raw_cel_rma
task_b_field_effect,random_forest,log_loss,0.0440317833482488,0.0142147503863627,0.0023404116513294,0.0438386075316132,0.0278995146319368,0.0623347304925442,0.0440317833482488,0.043280426503604,0.0142147503863627,0.0128107891112597,0.0688781356354702,0.0023404116513294,raw_cel_rma
task_b_field_effect,random_forest,roc_auc,1.0,0.0,0.0,0.9997959183673468,0.9988174696535734,1.0,1.0,1.0,0.0,1.0,1.0,0.0,raw_cel_rma
task_b_field_effect,random_forest,pr_auc,1.0,0.0,0.0,0.9996078431372548,0.997862554112554,1.0000000000000002,1.0,1.0,0.0,1.0,1.0,0.0,raw_cel_rma
task_b_field_effect,random_forest,brier_score,0.0082745106586529,0.00531083982931,0.0008093814264889,0.0079437160058031,0.0029210709565863,0.0145318002092166,0.0082745106586529,0.0061066666666666,0.00531083982931,0.0007465517241379,0.019201724137931,0.0008093814264889,raw_cel_rma
task_c_tumor_vs_adjacent,elastic_net,f1_macro,0.9847133562345372,0.0188782330623881,0.0048756359191065,0.9846902908324004,0.9642401021711366,1.0,0.9847133562345372,1.0,0.0188782330623881,0.9472222222222222,1.0,0.0048756359191065,raw_cel_rma
task_c_tumor_vs_adjacent,elastic_net,balanced_accuracy,0.984736842105263,0.0188379253565045,0.004873752415119,0.9846938775510204,0.9642857142857144,1.0,0.984736842105263,1.0,0.0188379253565045,0.9473684210526316,1.0,0.004873752415119,raw_cel_rma
task_c_tumor_vs_adjacent,elastic_net,log_loss,0.083854135082809,0.0398207966989631,0.0044744522940419,0.0833809675640719,0.0666562731736951,0.1040675925166971,0.083854135082809,0.0771833427929283,0.0398207966989631,0.0252177609955018,0.1722551827976056,0.0044744522940419,raw_cel_rma
task_c_tumor_vs_adjacent,elastic_net,roc_auc,0.9996666666666668,0.0012909944487358,0.0005773502691896,0.9996876301541024,0.998646397334444,1.0,0.9996666666666668,1.0,0.0012909944487358,0.995,1.0,0.0005773502691896,raw_cel_rma
task_c_tumor_vs_adjacent,elastic_net,pr_auc,0.9996969696969696,0.0011736313170325,0.0005248638810815,0.9996917950853812,0.998700005724765,1.0,0.9996969696969696,1.0,0.0011736313170325,0.9954545454545454,1.0,0.0005248638810815,raw_cel_rma
task_c_tumor_vs_adjacent,elastic_net,brier_score,0.0138013397353187,0.0093562318554342,0.0015374740033411,0.0128471220808292,0.0065506078939291,0.0210805170625242,0.0138013397353187,0.0151765786039701,0.0093562318554342,0.0021607710452368,0.0334092988900517,0.0015374740033411,raw_cel_rma
task_c_tumor_vs_adjacent,linear_svm,f1_macro,0.9898106455423528,0.0163254350091631,0.0003171394536825,0.9897948557742372,0.9744731838191244,1.0,0.9898106455423528,1.0,0.0163254350091631,0.9472222222222222,1.0,0.0003171394536825,raw_cel_rma
task_c_tumor_vs_adjacent,linear_svm,balanced_accuracy,0.9898245614035088,0.016294148474285,0.0003038685627313,0.9897959183673468,0.9744897959183674,1.0,0.9898245614035088,1.0,0.016294148474285,0.9473684210526316,1.0,0.0003038685627313,raw_cel_rma
task_c_tumor_vs_adjacent,linear_svm,log_loss,0.0634694437538998,0.0229019501337677,0.0028733160503533,0.0631368709024291,0.04497949150645,0.0880780495869605,0.0634694437538998,0.0529805591126924,0.0229019501337677,0.0397038120363693,0.1145919139989803,0.0028733160503533,raw_cel_rma
task_c_tumor_vs_adjacent,linear_svm,roc_auc,0.9996666666666668,0.0012909944487358,0.0005773502691896,0.9996876301541024,0.9985422740524782,1.0,0.9996666666666668,1.0,0.0012909944487358,0.995,1.0,0.0005773502691896,raw_cel_rma
task_c_tumor_vs_adjacent,linear_svm,pr_auc,0.9996969696969696,0.0011736313170325,0.0005248638810815,0.999696908466357,0.998639455782313,1.0,0.9996969696969696,1.0,0.0011736313170325,0.9954545454545454,1.0,0.0005248638810815,raw_cel_rma
task_c_tumor_vs_adjacent,linear_svm,brier_score,0.0101769451280279,0.0088753302283878,0.0006942435865845,0.0100688258893567,0.0035768333380833,0.0197405833125012,0.0101769451280279,0.0059182191183589,0.0088753302283878,0.0019901069241412,0.0307465151386734,0.0006942435865845,raw_cel_rma
task_c_tumor_vs_adjacent,random_forest,f1_macro,0.9881439819822362,0.0161872467838929,0.00275980628217,0.9897948557742372,0.9744731838191244,1.0,0.9881439819822362,1.0,0.0161872467838929,0.949874686716792,1.0,0.00275980628217,raw_cel_rma
task_c_tumor_vs_adjacent,random_forest,balanced_accuracy,0.988157894736842,0.0161610415490261,0.0027474490812922,0.9897959183673468,0.9744897959183674,1.0,0.988157894736842,1.0,0.0161610415490261,0.95,1.0,0.0027474490812922,raw_cel_rma
task_c_tumor_vs_adjacent,random_forest,log_loss,0.033036745091392,0.0214200414967791,0.0038613437374245,0.0323648328174755,0.0174784242177499,0.0508430420834267,0.033036745091392,0.0325340328378952,0.0214200414967791,0.002011348960035,0.0716096047168707,0.0038613437374245,raw_cel_rma
task_c_tumor_vs_adjacent,random_forest,roc_auc,0.9996666666666668,0.0012909944487358,0.0005773502691896,0.9997917534360684,0.9989587671803416,1.0,0.9996666666666668,1.0,0.0012909944487358,0.995,1.0,0.0005773502691896,raw_cel_rma
task_c_tumor_vs_adjacent,random_forest,pr_auc,0.9996969696969698,0.0011736313170325,0.0005248638810813,0.9997959183673468,0.9990093124628492,1.0,0.9996969696969698,1.0,0.0011736313170325,0.9954545454545456,1.0,0.0005248638810813,raw_cel_rma
task_c_tumor_vs_adjacent,random_forest,brier_score,0.0079600087719297,0.007216999470682,0.001062253693492,0.007660544217687,0.0021389331774376,0.015029139739229,0.0079600087719297,0.0092730263157894,0.007216999470682,2.2500000000000025e-05,0.0209712499999999,0.001062253693492,raw_cel_rma
