gene_symbol,u0_log2fc,u0_fdr,u1_log2fc,u1_fdr,u2_log2fc,u2_fdr,qc_log2fc,qc_fdr,deposited_log2fc,deposited_fdr,sample_direction_consistency,subgroups_tested,subgroup_labels,subgroup_sign_agreement_fraction,subgroup_effect_min,subgroup_effect_max,major_demographic_subgroup_dependence,healthy,adjacent_normal,tumor,healthy_to_adjacent,adjacent_to_tumor,trajectory_category,u0_screen,u1_adjusted_support,u2_location_support,qc_robust,unadjusted_adjusted_sign_agreement,location_adjusted_sign_agreement,qc_sign_agreement,deposited_support,direction_consistent,high_direction_consistency,subgroup_robust,evidence_score,evidence_tier,composition_adjusted_log2fc,composition_adjusted_fdr,composition_robust
CLC,-3.5746184745732,2.6215895580258397e-43,-3.68717832725262,7.358627435541619e-42,-3.62689669446287,1.65137217904881e-41,-3.69208840176318,1.47484561771526e-41,-3.57908697959184,8.18968906087578e-24,1.0,6,sex=Female;sex=Male;location=Left;location=Right;age_stratum=age_lower;age_stratum=age_upper,1,-3.91794455958922,-3.12318165748517,False,6.70482471667518,3.13020624210198,2.95963786210127,-3.5746184745732,-0.170568380000716,monotonic_down,True,True,True,True,True,True,True,True,True,True,True,1.0,Tier 1 - high-confidence,-3.64049978374823,1.35538313316156e-32,True
SNORA12,-2.20336025835863,1.8941208192968902e-35,-2.12035686791791,7.725199769857181e-31,-2.11748244150513,2.79523273340533e-30,-2.11261457558831,1.07326440366526e-30,-2.20076604081633,6.10328898902952e-27,1.0,6,sex=Female;sex=Male;location=Left;location=Right;age_stratum=age_lower;age_stratum=age_upper,1,-2.33152912612222,-1.98013071506556,False,6.12271253428995,3.91935227593132,3.39490681462003,-2.20336025835863,-0.524445461311288,monotonic_down,True,True,True,True,True,True,True,True,True,True,True,1.0,Tier 1 - high-confidence,-1.93383924762025,6.6432070045495005e-21,True
GAL,3.01225126206586,1.30539311660383e-32,2.86709801677729,6.24050826334235e-28,2.8837522915687,1.04973755029867e-27,2.88003618663841,4.27144097206717e-28,3.0059716122449,1.3361227578948298e-40,1.0,6,sex=Female;sex=Male;location=Left;location=Right;age_stratum=age_lower;age_stratum=age_upper,1,2.82419916693612,3.24088149108283,False,2.57876717599088,5.59101843805673,5.90639094644765,3.01225126206585,0.315372508390918,monotonic_up,True,True,True,True,True,True,True,True,True,True,True,1.0,Tier 1 - high-confidence,1.85853713819869,2.1429463248158303e-15,True
SIK1,2.78635089424384,7.150825428669741e-32,2.61953510153896,1.50673864552878e-27,2.61725688758178,4.7496683024866e-27,2.61581263561506,2.60057921409295e-27,2.78904224489796,3.3545032390413498e-40,1.0,6,sex=Female;sex=Male;location=Left;location=Right;age_stratum=age_lower;age_stratum=age_upper,1,2.37897165852662,2.9962708200521,False,4.22108033762973,7.00743123187356,7.10422249790513,2.78635089424384,0.0967912660315706,field_shift_then_plateau,True,True,True,True,True,True,True,True,True,True,True,1.0,Tier 1 - high-confidence,2.25744622437702,3.0999721672675204e-17,True
THBS2,2.35865132552248,2.79467216032952e-25,2.2524546653028,2.6613030861439e-21,2.25131826088682,6.48552992626926e-21,2.27301261485808,6.501945392510129e-22,2.37124710204082,9.16550228202263e-33,1.0,6,sex=Female;sex=Male;location=Left;location=Right;age_stratum=age_lower;age_stratum=age_upper,1,2.12865123631686,2.43716064774024,False,2.57319531137867,4.93184663690115,6.75297796316687,2.35865132552248,1.82113132626572,monotonic_up,True,True,True,True,True,True,True,True,True,True,True,1.0,Tier 1 - high-confidence,1.12291479443308,4.40615399585261e-09,True
CH25H,2.11096848013481,1.62728670721118e-36,2.06052679503787,4.19626591949821e-32,2.04089003953042,2.01316629792839e-31,2.07459494414877,8.487602487425059e-33,2.10843326530612,1.51266893680661e-39,0.989795918367347,6,sex=Female;sex=Male;location=Left;location=Right;age_stratum=age_lower;age_stratum=age_upper,1,1.75560275634334,2.4418760644063,False,3.4249093705821,5.5358778507169,5.49647236523215,2.11096848013481,-0.039405485484754,field_shift_then_plateau,True,True,True,True,True,True,True,True,True,True,True,0.998542274052478,Tier 1 - high-confidence,1.85214726140319,4.24470616930801e-22,True
NNMT,2.45370134821551,5.02612710269707e-35,2.4567022945962,1.01960764721332e-31,2.44299859082624,5.001035227710131e-31,2.4691390471808,5.59454756086328e-32,2.45294804081633,6.20681993057821e-38,0.989795918367347,6,sex=Female;sex=Male;location=Left;location=Right;age_stratum=age_lower;age_stratum=age_upper,1,2.13858919904495,2.75447469574311,False,5.16428018706005,7.61798153527555,7.89865716910488,2.4537013482155,0.280675633829331,monotonic_up,True,True,True,True,True,True,True,True,True,True,True,0.998542274052478,Tier 1 - high-confidence,1.75819102244551,8.38358957986481e-20,True
COL6A3,2.31545834582168,5.99160516830817e-32,2.22395025845559,1.98780303424081e-27,2.19606966145831,9.20113045162188e-27,2.23510316150471,1.17630873031774e-27,2.31028787755102,7.60476143533873e-41,0.989795918367347,6,sex=Female;sex=Male;location=Left;location=Right;age_stratum=age_lower;age_stratum=age_upper,1,2.20826049972773,2.34860487136937,False,5.5399625910433,7.85542093686498,8.53435325446176,2.31545834582168,0.678932317596779,monotonic_up,True,True,True,True,True,True,True,True,True,True,True,0.998542274052478,Tier 1 - high-confidence,1.14468164259511,1.6622164875668198e-18,True
TIMP3,2.84752561098242,1.1110544643033999e-34,2.76610822206652,2.7350556212404097e-30,2.73687650322038,1.28397466712644e-29,2.79473987590131,8.28524761142474e-32,2.84698808163265,1.94452252200483e-43,0.979591836734694,6,sex=Female;sex=Male;location=Left;location=Right;age_stratum=age_lower;age_stratum=age_upper,1,2.61109289894935,2.94754561986204,False,4.52591966197792,7.37344527296034,7.35441672196695,2.84752561098242,-0.0190285509933909,field_shift_then_plateau,True,True,True,True,True,True,True,True,True,True,True,0.997084548104956,Tier 1 - high-confidence,1.60228585133504,3.2759512622520803e-21,True
HTRA1,2.47877449762279,5.97723866098153e-32,2.40044164060159,9.8946928294673e-28,2.37784894265111,4.70989767461676e-27,2.41714829576164,2.90823642424514e-28,2.47650830612245,7.15467632289206e-41,0.979591836734694,6,sex=Female;sex=Male;location=Left;location=Right;age_stratum=age_lower;age_stratum=age_upper,1,2.28001353146013,2.59267448468423,False,4.43943561669647,6.91821011431925,6.88366080988782,2.47877449762279,-0.0345493044314286,field_shift_then_plateau,True,True,True,True,True,True,True,True,True,True,True,0.997084548104956,Tier 1 - high-confidence,1.30215453802955,9.592929602186321e-19,True
FN1,2.93237627743459,7.2284429635707e-23,2.92797019250256,2.95625500028115e-20,2.77937752189109,1.47530174661232e-20,2.95253273749742,1.05131654064678e-20,2.93097183673469,7.306098947290679e-26,0.979591836734694,6,sex=Female;sex=Male;location=Left;location=Right;age_stratum=age_lower;age_stratum=age_upper,1,2.68095198608463,3.23700773073253,False,4.27195783599683,7.20433411343141,7.82658061245423,2.93237627743459,0.622246499022813,monotonic_up,True,True,True,True,True,True,True,True,True,True,True,0.993722106014537,Tier 1 - high-confidence,1.26449412525238,4.86759659456435e-08,True
AEBP1,1.68998119353293,2.11421756447573e-36,1.67240078755519,2.52729141320396e-32,1.67000188240067,9.78547642772117e-32,1.67880033735169,1.78433537424459e-32,1.69199387755102,5.553971617026e-43,0.989795918367347,6,sex=Female;sex=Male;location=Left;location=Right;age_stratum=age_lower;age_stratum=age_upper,1,1.56794397351364,1.81309447478934,False,6.22005904469213,7.91004023822505,7.96940635991582,1.68998119353292,0.0593661216907666,field_shift_then_plateau,True,True,True,True,True,True,True,True,True,True,True,0.97514233030642,Tier 1 - high-confidence,1.13127778182641,2.4856642411451202e-21,True
GEM,2.26115067694463,1.88359810486815e-19,2.15443047722543,3.92114832472271e-16,2.15803742317746,7.00554140923628e-16,2.16512665477043,3.37105659558688e-16,2.26408759183674,9.75046562512298e-27,0.989795918367347,6,sex=Female;sex=Male;location=Left;location=Right;age_stratum=age_lower;age_stratum=age_upper,1,2.00652879798452,2.49356177615153,False,4.5168611289119,6.77801180585653,6.87812960735038,2.26115067694463,0.100117801493851,field_shift_then_plateau,True,True,True,True,True,True,True,True,True,True,True,0.965732179262429,Tier 1 - high-confidence,0.920218359263442,7.20159805757765e-05,True
APOLD1,1.44011874570621,3.91928160388631e-41,1.4238498438929,7.91889798100038e-37,1.43630815729218,8.86818989166183e-37,1.43628864688999,1.68755635581885e-38,1.43708769387755,2.69942194957208e-50,1.0,6,sex=Female;sex=Male;location=Left;location=Right;age_stratum=age_lower;age_stratum=age_upper,1,1.32454090644541,1.49353694760711,False,3.10009059266841,4.54020933837462,4.80537962923999,1.44011874570621,0.265170290865366,monotonic_up,True,True,True,True,True,True,True,True,True,True,True,0.958846417420921,Tier 1 - high-confidence,1.18035390468919,2.96545411016837e-24,True
CCDC3,1.47400028685605,3.5420709393533897e-28,1.41889808996784,4.11958256995256e-24,1.4230948647353,8.66768225778166e-24,1.43075546945073,9.125031814729281e-25,1.47244306122449,1.7108325212094698e-29,1.0,6,sex=Female;sex=Male;location=Left;location=Right;age_stratum=age_lower;age_stratum=age_upper,1,1.43214497048775,1.51293985388741,False,4.51532675923393,5.98932704608998,6.10682490694276,1.47400028685605,0.117497860852778,field_shift_then_plateau,True,True,True,True,True,True,True,True,True,True,True,0.958492720711989,Tier 1 - high-confidence,0.950378418855593,2.79936332932623e-12,True
JUN,1.43959680344758,3.51882438146406e-31,1.39156666007813,6.72167520682933e-27,1.36766354389039,2.8429093795536497e-26,1.39034258556342,1.15509100195417e-26,1.43720379591837,7.08200206693697e-35,1.0,6,sex=Female;sex=Male;location=Left;location=Right;age_stratum=age_lower;age_stratum=age_upper,1,1.32009470781948,1.55890595640122,False,6.63927351381729,8.07887031726487,8.21227472093107,1.43959680344758,0.133404403666198,field_shift_then_plateau,True,True,True,True,True,True,True,True,True,True,True,0.956540475719866,Tier 1 - high-confidence,1.29556535923871,3.78193865229341e-18,True
ANGPTL2,1.76325470156273,8.53752209366331e-22,1.67761641546587,3.84007046662987e-18,1.65901665232387,1.3574534630089501e-17,1.69066130829369,1.85286648481852e-18,1.77021330612245,1.81403317292212e-29,0.979591836734694,6,sex=Female;sex=Male;location=Left;location=Right;age_stratum=age_lower;age_stratum=age_upper,1,1.57229467082304,1.8310765439871,False,3.4946654680636,5.25792016962633,5.1982535756787,1.76325470156273,-0.0596665939476288,field_shift_then_plateau,True,True,True,True,True,True,True,True,True,True,True,0.955597583538979,Tier 1 - high-confidence,0.609767441316765,3.64235446992314e-06,True
CD93,1.39830024651855,1.24489380824598e-22,1.40816544324381,1.63297761079566e-20,1.38737859489404,6.80543787763364e-20,1.42872746090988,5.26140608107715e-22,1.40096979591837,2.04559697645351e-25,0.979591836734694,6,sex=Female;sex=Male;location=Left;location=Right;age_stratum=age_lower;age_stratum=age_upper,1,1.22408665759168,1.47212018381268,False,4.82008101522797,6.21838126174652,6.24261078181678,1.39830024651855,0.0242295200702651,field_shift_then_plateau,True,True,True,True,True,True,True,True,True,True,True,0.953289363834424,Tier 1 - high-confidence,0.685475854702247,6.323673098760041e-09,True
COL1A2,1.87132153379169,1.3481789511845e-19,1.82494591258505,1.09102898121596e-16,1.77655599054525,4.14645007101632e-16,1.8360532556812,7.740488302272031e-17,1.86940434693878,9.077406803678079e-26,0.959183673469388,6,sex=Female;sex=Male;location=Left;location=Right;age_stratum=age_lower;age_stratum=age_upper,1,1.63618391387043,1.98054593985204,False,6.17365980691904,8.04498134071072,9.34315512937318,1.87132153379168,1.29817378866245,monotonic_up,True,True,True,True,True,True,True,True,True,True,True,0.952823545058911,Tier 1 - high-confidence,0.627493525441313,1.45210876012057e-05,True
MB,-1.32575343445846,5.99228729525345e-21,-1.3954726100619,3.4577771456256004e-20,-1.32547448067489,1.9027862478650402e-20,-1.38303132403547,3.4122951408042303e-20,-1.32220991836735,3.73656171837477e-22,0.989795918367347,6,sex=Female;sex=Male;location=Left;location=Right;age_stratum=age_lower;age_stratum=age_upper,1,-1.58926824557997,-1.15266683711899,False,7.58451457628731,6.25876114182885,4.62365361775564,-1.32575343445846,-1.63510752407321,monotonic_down,True,True,True,True,True,True,True,True,True,True,True,0.951513196203468,Tier 1 - high-confidence,-1.07709431317636,6.815351607704919e-11,True
PRRX1,1.35827917695481,6.328375109314869e-26,1.30164585756587,6.02517777911302e-22,1.27220667509798,2.36919872127321e-21,1.31024238550454,2.95126291214164e-22,1.35790271428571,4.12032629984543e-34,1.0,6,sex=Female;sex=Male;location=Left;location=Right;age_stratum=age_lower;age_stratum=age_upper,1,1.23206937637114,1.48477699342603,False,2.70347165778727,4.06175083474209,4.90389061178015,1.35827917695481,0.842139777038062,monotonic_up,True,True,True,True,True,True,True,True,True,True,True,0.950117561254705,Tier 1 - high-confidence,0.730587618815914,1.40808263507839e-10,True
IGFBP5,1.74793208550382,6.3855357439997204e-21,1.67805605525934,1.43638429534135e-17,1.69525854734025,1.50395713667398e-17,1.69599542696395,3.7651473159028095e-18,1.73935459183673,2.9215319898582197e-28,0.969387755102041,6,sex=Female;sex=Male;location=Left;location=Right;age_stratum=age_lower;age_stratum=age_upper,1,1.45731811327972,1.95514815483709,False,3.38305853082348,5.1309906163273,5.04248165364775,1.74793208550382,-0.0885089626795485,field_shift_then_plateau,True,True,True,True,True,True,True,True,True,True,True,0.950078892903558,Tier 1 - high-confidence,0.709083843129786,9.16284115741721e-06,True
TMEM158,1.30687526444911,3.80652554064409e-24,1.2787182808714,8.45950161316432e-21,1.26367799992432,3.38058589263728e-20,1.2821053963935,9.54315679369581e-21,1.30727248979592,2.0292088223522102e-25,1.0,6,sex=Female;sex=Male;location=Left;location=Right;age_stratum=age_lower;age_stratum=age_upper,1,1.10137991186927,1.49028028423096,False,4.74542092137259,6.0522961858217,7.31824768519606,1.30687526444911,1.26595149937436,monotonic_up,True,True,True,True,True,True,True,True,True,True,True,0.9484798772051,Tier 1 - high-confidence,0.781986466461654,2.17469862685488e-09,True
SPINK2,-1.58195215533971,2.70069972789158e-21,-1.55687703462129,1.4757993981234e-18,-1.58428071064984,6.922613607540441e-19,-1.55171490737974,2.28041224792684e-18,-1.57899085714286,4.508597575484261e-25,0.948979591836735,6,sex=Female;sex=Male;location=Left;location=Right;age_stratum=age_lower;age_stratum=age_upper,1,-1.80300437285028,-1.42956146796901,False,5.53685728332065,3.95490512798095,2.46947844885787,-1.5819521553397,-1.48542667912308,monotonic_down,True,True,True,True,True,True,True,True,True,True,True,0.945566677528981,Tier 1 - high-confidence,-1.43276723854275,3.2010038369031997e-12,True
FKBP10,1.30018822411021,4.58600532841771e-26,1.26609089979828,1.8801541595839499e-22,1.25407303042361,7.26179764977006e-22,1.27725232557184,4.71975272621844e-23,1.29744326530612,3.16857698433222e-32,0.979591836734694,6,sex=Female;sex=Male;location=Left;location=Right;age_stratum=age_lower;age_stratum=age_upper,1,1.16244106311787,1.35774744576498,False,4.20869343214677,5.50888165625698,7.14411203932322,1.30018822411021,1.63523038306624,monotonic_up,True,True,True,True,True,True,True,True,True,True,True,0.944662469519119,Tier 1 - high-confidence,0.614471451786435,4.69583706739003e-11,True
NR4A1,1.72728907069901,4.8849378212558e-21,1.60032274156194,4.4766145896057404e-17,1.59550557400877,1.05346362422124e-16,1.60731228139798,4.01663948693498e-17,1.72658044897959,1.6802408413132e-28,0.989795918367347,6,sex=Female;sex=Male;location=Left;location=Right;age_stratum=age_lower;age_stratum=age_upper,1,1.39829584607277,1.85701979593287,False,4.60335814539094,6.33064721608994,6.28655793949512,1.72728907069901,-0.044089276594823,field_shift_then_plateau,True,True,True,True,True,True,True,True,True,True,True,0.943915686265672,Tier 1 - high-confidence,0.997730765397759,5.41228318453021e-07,True
SULF1,1.60573865782042,2.6706835639093103e-20,1.57225338687357,2.1444011065266e-17,1.54053015158234,8.223711248887871e-17,1.59254578566753,3.1979422643542697e-18,1.60530991836735,3.3609096650428704e-25,0.969387755102041,6,sex=Female;sex=Male;location=Left;location=Right;age_stratum=age_lower;age_stratum=age_upper,1,1.426882516994,1.79192939621351,False,4.40869695367864,6.01443561149905,7.82255423435393,1.60573865782041,1.80811862285488,monotonic_up,True,True,True,True,True,True,True,True,True,True,True,0.941278449629458,Tier 1 - high-confidence,0.664058631616064,1.17186301757965e-05,True
MMP2,1.29190262784933,4.20445862978001e-25,1.23367027211661,2.83541657218771e-21,1.24046768743672,4.4136280871788404e-21,1.24952056526342,1.7875775342341398e-22,1.2914496122449,4.18792315483048e-33,0.969387755102041,6,sex=Female;sex=Male;location=Left;location=Right;age_stratum=age_lower;age_stratum=age_upper,1,1.11005548810512,1.36480656066741,False,4.10093816810887,5.3928407959582,5.45450080292563,1.29190262784933,0.0616600069674282,field_shift_then_plateau,True,True,True,True,True,True,True,True,True,True,True,0.940888984451478,Tier 1 - high-confidence,0.631490786609395,1.70947717794729e-10,True
IL33,1.69568297808921,1.6627879292173298e-18,1.69686601532629,2.16476210072923e-16,1.65604545825792,8.20002391570541e-16,1.72172935071605,2.41181574938482e-17,1.69873416326531,1.15123573545694e-20,0.948979591836735,6,sex=Female;sex=Male;location=Left;location=Right;age_stratum=age_lower;age_stratum=age_upper,1,1.54665911799222,1.8829527307008,False,3.902889815203,5.59857279329221,5.98768504316415,1.69568297808921,0.389112249871935,monotonic_up,True,True,True,True,True,True,True,True,True,True,True,0.940091727243054,Tier 1 - high-confidence,0.688907451410168,2.81054926341388e-05,True
ROBO4,1.1818140100983,1.5448411596923098e-30,1.13340210139507,2.5313605013120898e-26,1.16110918934015,1.51703975946972e-27,1.13828794064982,1.99504190485041e-26,1.18901097959184,1.7323800029351e-35,1.0,6,sex=Female;sex=Male;location=Left;location=Right;age_stratum=age_lower;age_stratum=age_upper,1,1.10908126081021,1.317076029847,False,4.7628101314206,5.9446241415189,5.95653055454581,1.1818140100983,0.0119064130269066,field_shift_then_plateau,True,True,True,True,True,True,True,True,True,True,True,0.938100150099648,Tier 1 - high-confidence,0.803697115585903,9.794987042974372e-15,True
PXDN,1.26199196179901,2.39967122537199e-22,1.24868078423415,1.53489355245395e-19,1.26220656417812,1.46526799938623e-19,1.25321382944412,1.47649758031546e-19,1.26213891836735,2.664344867317e-29,0.989795918367347,6,sex=Female;sex=Male;location=Left;location=Right;age_stratum=age_lower;age_stratum=age_upper,1,1.17152737174833,1.3475700045119,False,5.53917449046693,6.80116645226594,7.31707009764945,1.26199196179901,0.515903645383507,monotonic_up,True,True,True,True,True,True,True,True,True,True,True,0.936404628199364,Tier 1 - high-confidence,0.622662562364568,1.11749798264672e-07,True
SPAG9,-1.15598910499424,2.62380356765145e-26,-1.1392176091074,6.12669699907325e-23,-1.08841471860482,2.75004959509539e-23,-1.14064035843196,8.187648442060051e-23,-1.15389555102041,1.08953231376046e-19,0.979591836734694,6,sex=Female;sex=Male;location=Left;location=Right;age_stratum=age_lower;age_stratum=age_upper,1,-1.26230954406252,-1.06726789182356,False,6.61893779012669,5.46294868513245,5.21985988295123,-1.15598910499424,-0.243088802181218,monotonic_down,True,True,True,True,True,True,True,True,True,True,True,0.935600091612628,Tier 1 - high-confidence,-1.09972256359369,2.2449509276731e-16,True
LAMC1,1.30549890202578,5.85188629519238e-23,1.26534546975498,1.24301597843569e-19,1.23924005713694,5.15070762674688e-19,1.27081920279467,1.0825205298704701e-19,1.30408795918367,4.41915450367099e-27,0.969387755102041,6,sex=Female;sex=Male;location=Left;location=Right;age_stratum=age_lower;age_stratum=age_upper,1,1.2464261309885,1.34047122242878,False,4.29042108645561,5.59591998848139,6.53086272021351,1.30549890202578,0.934942731732127,monotonic_up,True,True,True,True,True,True,True,True,True,True,True,0.935333807773174,Tier 1 - high-confidence,0.581189149931937,7.36695447621467e-08,True
MXRA5,1.15693179793774,6.72908914731027e-21,1.22118554375782,3.38418001462722e-20,1.21773231717614,9.35824921481552e-20,1.22598684541839,3.10009752946022e-20,1.15517281632653,6.896169966363231e-20,0.948979591836735,6,sex=Female;sex=Male;location=Left;location=Right;age_stratum=age_lower;age_stratum=age_upper,1,1.08110916305781,1.29239832041951,False,5.54293633113785,6.6998681290756,7.44067294108744,1.15693179793774,0.740804812011843,monotonic_up,True,True,True,True,True,True,True,True,True,True,True,0.933299955842234,Tier 1 - high-confidence,1.01339931974974,2.6495922222799897e-12,True
LRRC32,1.08348158096276,6.05692285421195e-25,1.04930245465354,2.6613030861439e-21,1.07077892516345,6.8578410942951e-22,1.05488604371293,1.84244976162065e-21,1.08253824489796,1.77023746295815e-27,1.0,6,sex=Female;sex=Male;location=Left;location=Right;age_stratum=age_lower;age_stratum=age_upper,1,0.972571437164826,1.22116601488766,False,4.3903780985983,5.47385967956106,5.76727337332093,1.08348158096276,0.293413693759874,monotonic_up,True,True,True,True,True,True,True,True,True,True,True,0.932093032475253,Tier 1 - high-confidence,0.675813637473308,5.98656726240148e-10,True
NIPSNAP3A,-1.02197387810773,6.56030825586427e-33,-1.03088624502298,8.257792670555049e-30,-1.02301372326436,3.68311114346942e-29,-1.03191160858762,1.12614598621002e-29,-1.02135130612245,2.25897855701405e-27,1.0,6,sex=Female;sex=Male;location=Left;location=Right;age_stratum=age_lower;age_stratum=age_upper,1,-1.08797864947684,-0.953081008252315,False,9.58591634503763,8.5639424669299,8.04420322380874,-1.02197387810773,-0.519739243121158,monotonic_down,True,True,True,True,True,True,True,True,True,True,True,0.930777588930213,Tier 1 - high-confidence,-0.97476374615578,1.12828440681126e-20,True
APCDD1,1.06607658043141,9.847216131316631e-25,1.05971600114363,8.44195615732916e-22,1.01340526503838,6.6048815957481e-22,1.06905936209721,2.19957225857962e-22,1.06480524489796,2.1345813990153e-29,0.979591836734694,6,sex=Female;sex=Male;location=Left;location=Right;age_stratum=age_lower;age_stratum=age_upper,1,0.960096820443719,1.11394517706292,False,3.54473958947487,4.61081616990629,6.30331998413359,1.06607658043141,1.6925038142273,monotonic_up,True,True,True,True,True,True,True,True,True,True,True,0.929921405329501,Tier 1 - high-confidence,0.576983664522045,5.86144448772847e-10,True
THY1,1.49787139226494,4.1700114370761e-19,1.47733573546204,1.73010023604242e-16,1.44623680327741,6.41335474500187e-16,1.48739087917664,1.10289668904979e-16,1.49821334693878,2.51019330703601e-23,0.979591836734694,6,sex=Female;sex=Male;location=Left;location=Right;age_stratum=age_lower;age_stratum=age_upper,1,1.32785282461186,1.65850691033201,False,4.12189568032264,5.61976707258759,7.03516772003825,1.49787139226494,1.41540064745066,monotonic_up,True,True,True,True,True,True,True,True,True,True,True,0.929479448742369,Tier 1 - high-confidence,0.524143203205687,5.59220317701394e-05,True
LY96,-1.24234133030288,1.27781975395466e-19,-1.26546640179655,9.60949830803868e-18,-1.26491110650067,2.070050535708e-17,-1.25044080418732,7.28399877316979e-18,-1.24156228571429,1.9868674379197502e-25,0.989795918367347,6,sex=Female;sex=Male;location=Left;location=Right;age_stratum=age_lower;age_stratum=age_upper,1,-1.28057690173081,-1.20183592908614,False,7.37727441335943,6.13493308305655,5.73580662057329,-1.24234133030288,-0.399126462483265,monotonic_down,True,True,True,True,True,True,True,True,True,True,True,0.924770583361897,Tier 1 - high-confidence,-1.6484258937839,5.14335296112894e-35,True
DBN1,1.33024093680934,1.57667792087807e-20,1.27426939870736,3.8272316453225304e-17,1.24549372661493,1.46577821165196e-16,1.28916232525876,8.470774082012579e-18,1.33098448979592,1.93834282590365e-27,0.969387755102041,6,sex=Female;sex=Male;location=Left;location=Right;age_stratum=age_lower;age_stratum=age_upper,1,1.20440497778674,1.46450664259155,False,3.28933643058468,4.61957736739402,4.70094638457376,1.33024093680934,0.0813690171797389,field_shift_then_plateau,True,True,True,True,True,True,True,True,True,True,True,0.918196888144139,Tier 1 - high-confidence,0.514725805235702,2.45932904479351e-05,True
NR4A2,1.47137523499255,5.55969345316338e-18,1.39943733523173,6.789198872403591e-15,1.40650759419275,9.43971687003892e-15,1.40748529272011,5.356007955926151e-15,1.46554906122449,1.03815971493895e-24,0.989795918367347,6,sex=Female;sex=Male;location=Left;location=Right;age_stratum=age_lower;age_stratum=age_upper,1,1.29381526537696,1.53161787745802,False,4.10205208996444,5.57342732495699,5.45109329565135,1.47137523499254,-0.122334029305635,field_shift_then_plateau,True,True,True,True,True,True,True,True,True,True,True,0.913989094208896,Tier 1 - high-confidence,0.976745222945525,1.28366881226247e-06,True
ETNK1,-1.79852611558744,1.38748465119448e-12,-1.82456003711862,3.00031200790076e-11,-1.59430533712302,4.36646407748225e-13,-1.82578158870497,3.5334049782576495e-11,-1.79846957142857,2.54036177301315e-12,0.959183673469388,6,sex=Female;sex=Male;location=Left;location=Right;age_stratum=age_lower;age_stratum=age_upper,1,-2.03794635748192,-1.34115238062411,False,9.20936004109139,7.41083392550396,6.30507471890798,-1.79852611558743,-1.10575920659598,monotonic_down,True,True,True,True,True,True,True,True,True,True,True,0.913943624431665,Tier 1 - high-confidence,-1.07572161482792,0.000629519528206,True
LARP6,1.30097663023715,6.324428618107399e-19,1.26932146740959,3.84625351445977e-16,1.24004947619889,1.46382033949998e-15,1.28129675206213,1.60549962888615e-16,1.31357293877551,1.3039874485542802e-25,0.989795918367347,6,sex=Female;sex=Male;location=Left;location=Right;age_stratum=age_lower;age_stratum=age_upper,1,1.17560158933635,1.35197317872354,False,3.10117084803628,4.40214747827343,4.73783033249048,1.30097663023715,0.335682854217049,monotonic_up,True,True,True,True,True,True,True,True,True,True,True,0.913600679538262,Tier 1 - high-confidence,0.441060272709971,0.0002067038067965,False
CDKN1C,1.49063740008734,1.16739468517229e-18,1.4073245728578,2.7917351723591504e-15,1.38812257247885,8.77712698372799e-15,1.4253389373121,6.18640867802819e-16,1.4906116122449,3.00232387622146e-25,0.959183673469388,6,sex=Female;sex=Male;location=Left;location=Right;age_stratum=age_lower;age_stratum=age_upper,1,1.29970904025798,1.6482721646427,False,4.25136128311087,5.74199868319821,5.6108501952961,1.49063740008734,-0.131148487902112,field_shift_then_plateau,True,True,True,True,True,True,True,True,True,True,True,0.912936035570014,Tier 1 - high-confidence,0.448688488973024,0.0010484006405911,False
IFI6,1.90265217544399,5.394816086677419e-12,1.93314961157657,8.49043402220878e-11,1.93764540275385,1.23823211402955e-10,1.95299993092473,5.0081134300126897e-11,1.89926697959184,2.9165502381214504e-15,0.918367346938776,6,sex=Female;sex=Male;location=Left;location=Right;age_stratum=age_lower;age_stratum=age_upper,1,1.47599801685176,2.36430506392187,False,5.98950391294682,7.8921560883908,7.80081200636996,1.90265217544398,-0.0913440820208411,field_shift_then_plateau,True,True,True,True,True,True,True,True,True,True,True,0.912642236878892,Tier 1 - high-confidence,1.81643793469959,6.2120004355265e-07,True
TUBB3,1.34984601691788,2.38316403079385e-18,1.28413173937973,4.0616890550983506e-15,1.28118955940282,8.41696502297817e-15,1.30400289145712,4.84391280137957e-16,1.33985783673469,3.9825134106201104e-25,0.979591836734694,6,sex=Female;sex=Male;location=Left;location=Right;age_stratum=age_lower;age_stratum=age_upper,1,1.1820947752358,1.47587943061263,False,3.9458859941283,5.29573201104618,6.92368380593518,1.34984601691788,1.627951794889,monotonic_up,True,True,True,True,True,True,True,True,True,True,True,0.905888910398638,Tier 1 - high-confidence,0.572825183470226,0.0002016461183541,True
SPOCK1,1.74071938091122,1.6459113546542699e-13,1.71730600702078,1.4056925203107e-11,1.67374235816705,4.648934137205129e-11,1.73885170411783,5.8221351492682195e-12,1.74194363265306,3.9262044296366295e-18,0.918367346938776,6,sex=Female;sex=Male;location=Left;location=Right;age_stratum=age_lower;age_stratum=age_upper,1,1.45328181908158,2.09305129207553,False,4.1743476600554,5.91506704096662,6.19486131688497,1.74071938091122,0.279794275918351,monotonic_up,True,True,True,True,True,True,True,True,True,True,True,0.902803690535893,Tier 1 - high-confidence,0.401936415460392,0.0965902539347729,False
MEP1B,-2.04189098068375,8.71501149179823e-10,-2.04367621427543,1.52373931038067e-08,-1.7575085305458,4.0898605435718e-09,-2.05610047945829,1.36888047553029e-08,-2.04266534693877,6.345457345236601e-10,0.928571428571429,6,sex=Female;sex=Male;location=Left;location=Right;age_stratum=age_lower;age_stratum=age_upper,1,-2.21360395533699,-1.35071267098748,False,6.95158938900869,4.90969840832494,2.50740442064877,-2.04189098068375,-2.40229398767617,monotonic_down,True,True,True,True,True,True,True,True,True,True,True,0.90277512785382,Tier 1 - high-confidence,-1.17287182349609,0.0068307863522954,True
CHRM3,1.25679443095113,8.0122342815473e-18,1.22659163056813,3.66081985506822e-15,1.17287289254479,1.04533263849164e-14,1.22428070363044,5.0870800345903404e-15,1.25824493877551,8.237480407672831e-20,0.969387755102041,6,sex=Female;sex=Male;location=Left;location=Right;age_stratum=age_lower;age_stratum=age_upper,1,1.06069930381974,1.42817122014784,False,4.20461917476376,5.46141360571489,6.02485657852617,1.25679443095113,0.563442972811286,monotonic_up,True,True,True,True,True,True,True,True,True,True,True,0.900643521781929,Tier 1 - high-confidence,0.669341808198673,2.27211347517844e-05,True
VCAN,1.34467053017242,1.09560750341358e-18,1.27556999259579,1.86485804025174e-15,1.22598288195683,6.11294489818192e-15,1.29547771769919,2.02038343193373e-16,1.34473391836735,2.29519017965127e-22,0.928571428571429,6,sex=Female;sex=Male;location=Left;location=Right;age_stratum=age_lower;age_stratum=age_upper,1,1.11478798162163,1.46148854507538,False,4.78582540906112,6.13049593923353,7.28275363494429,1.34467053017242,1.15225769571076,monotonic_up,True,True,True,True,True,True,True,True,True,True,True,0.900403448000374,Tier 1 - high-confidence,0.512862458553332,0.000259222648163,True
COL4A1,1.50364465206082,2.52178996427619e-16,1.39595310923028,5.03998634138709e-13,1.37899279765459,1.3763797624322099e-12,1.41017426294159,2.48510842144985e-13,1.50930844897959,5.999038417797811e-23,0.989795918367347,6,sex=Female;sex=Male;location=Left;location=Right;age_stratum=age_lower;age_stratum=age_upper,1,1.32062157652435,1.57142339528124,False,4.08088104288564,5.58452569494646,7.10630959103813,1.50364465206082,1.52178389609167,monotonic_up,True,True,True,True,True,True,True,True,True,True,True,0.900378715001159,Tier 1 - high-confidence,0.282465784073544,0.06038551265365,False
HOXB6,-1.1172603756017,2.5082612896414e-17,-1.15376893510413,3.15325535465647e-16,-1.06601856936558,3.55159007304696e-17,-1.14819963667439,4.52314017041382e-16,-1.1155192244898,4.51930125953968e-14,0.938775510204082,6,sex=Female;sex=Male;location=Left;location=Right;age_stratum=age_lower;age_stratum=age_upper,1,-1.37909838520376,-0.914441358158504,False,7.70564958189727,6.58838920629557,6.71556177353092,-1.1172603756017,0.127172567235347,field_shift_then_plateau,True,True,True,True,True,True,True,True,True,True,True,0.898674574380197,Tier 1 - high-confidence,-1.06052570604396,2.93817944977688e-10,True
PANK3,-1.18542445037357,5.23087953300134e-18,-1.13808032972256,5.240818659758511e-15,-1.11196154861645,1.9169422235111402e-14,-1.14536489167353,3.80666032150498e-15,-1.18359028571429,3.43472545317663e-21,1.0,6,sex=Female;sex=Male;location=Left;location=Right;age_stratum=age_lower;age_stratum=age_upper,1,-1.21635702600243,-1.0833314658757,False,7.77215041340133,6.58672596302776,5.30687028764604,-1.18542445037357,-1.27985567538172,monotonic_down,True,True,True,True,True,True,True,True,True,True,True,0.897581458317915,Tier 1 - high-confidence,-0.619334105718796,1.80169972335939e-05,True
IGDCC4,1.04266038500057,2.86774475814281e-17,1.09092272474813,2.2062817558226001e-16,1.08624459667478,5.28504367919763e-16,1.10604136175818,3.1394011253889604e-17,1.04112440816326,2.29221339473015e-17,0.948979591836735,6,sex=Female;sex=Male;location=Left;location=Right;age_stratum=age_lower;age_stratum=age_upper,1,0.914785179332486,1.16715656248814,False,4.50578728191848,5.54844766691904,5.67030416634845,1.04266038500056,0.121856499429403,field_shift_then_plateau,True,True,True,True,True,True,True,True,True,True,True,0.896751129360567,Tier 1 - high-confidence,0.928413094380484,1.21804987160894e-10,True
SPARC,1.33996351928025,2.34751424777376e-17,1.26538731980908,3.18598980280947e-14,1.2593407000041,7.38195837617406e-14,1.27913321976494,1.28012617786478e-14,1.34228669387755,1.13665759140244e-21,0.959183673469388,6,sex=Female;sex=Male;location=Left;location=Right;age_stratum=age_lower;age_stratum=age_upper,1,1.11485716230848,1.4211783847119,False,5.78751523075677,7.12747875003702,8.61729688746101,1.33996351928025,1.48981813742399,monotonic_up,True,True,True,True,True,True,True,True,True,True,True,0.895245016328781,Tier 1 - high-confidence,0.373950903160754,0.0012660060135532,False
CLCA1,-1.55860500444755,4.76307534394518e-13,-1.51335766054981,6.16859666588112e-11,-1.51053133460655,1.06242848586423e-10,-1.51489173079776,7.12512904580646e-11,-1.56410081632653,7.85528857494727e-19,0.979591836734694,6,sex=Female;sex=Male;location=Left;location=Right;age_stratum=age_lower;age_stratum=age_upper,1,-1.72407017818493,-1.41308817047891,False,12.0788923146218,10.5202873101742,6.20395827304691,-1.55860500444756,-4.31632903712731,monotonic_down,True,True,True,True,True,True,True,True,True,True,True,0.892394478324245,Tier 1 - high-confidence,-1.14266821361022,2.92830503885442e-05,True
CTSK,1.1486524726773,9.69539020275351e-18,1.13438625948016,1.81818713434071e-15,1.13906574681666,2.7137636768088903e-15,1.15173537813184,2.13362204019235e-16,1.14753448979592,1.40357413843202e-23,0.928571428571429,6,sex=Female;sex=Male;location=Left;location=Right;age_stratum=age_lower;age_stratum=age_upper,1,0.954434191854713,1.26994848828649,False,7.75932721212786,8.90797968480515,9.38037788506832,1.14865247267729,0.47239820026317,monotonic_up,True,True,True,True,True,True,True,True,True,True,True,0.890397518470701,Tier 1 - high-confidence,0.536501885997292,1.31164856344047e-06,True
EFEMP2,1.2049591019673,4.60906526886509e-17,1.15865200103543,3.27844254560727e-14,1.14347655660081,9.84100095640955e-14,1.16789934984148,2.0097332737268602e-14,1.20189910204082,1.49873700481739e-23,0.969387755102041,6,sex=Female;sex=Male;location=Left;location=Right;age_stratum=age_lower;age_stratum=age_upper,1,1.0978186412479,1.25857929137106,False,4.58179738449607,5.78675648646337,5.74228034442508,1.2049591019673,-0.0444761420382899,field_shift_then_plateau,True,True,True,True,True,True,True,True,True,True,True,0.888990053823537,Tier 1 - high-confidence,0.348605700531172,0.004293456214328,False
S1PR3,1.25780220111561,4.6698450600507e-15,1.23673380130338,5.50211318926907e-13,1.24278542713103,7.79238228743647e-13,1.24487341657805,4.23351959634889e-13,1.24831840816326,1.6348753163948e-19,0.979591836734694,6,sex=Female;sex=Male;location=Left;location=Right;age_stratum=age_lower;age_stratum=age_upper,1,1.05154687376155,1.55851489719051,False,3.12052045512496,4.37832265624057,4.71253186714621,1.25780220111561,0.334209210905648,monotonic_up,True,True,True,True,True,True,True,True,True,True,True,0.887276037337801,Tier 1 - high-confidence,0.46905079431187,0.0026327214061072,False
S100A4,1.19912010025549,8.46488521224546e-18,1.13562154599676,1.32896638570524e-14,1.10759634610141,4.8252109409910303e-14,1.14488300318186,7.605457948911581e-15,1.19808591836735,7.01966610356827e-23,0.938775510204082,6,sex=Female;sex=Male;location=Left;location=Right;age_stratum=age_lower;age_stratum=age_upper,1,1.02560278268446,1.26207781582219,False,7.83287347149404,9.03199357174953,8.88513076667918,1.19912010025548,-0.146862805070345,field_shift_then_plateau,True,True,True,True,True,True,True,True,True,True,True,0.885772940484445,Tier 1 - high-confidence,0.406492093941541,0.0001761001202851,False
EVI2A,-1.13890762676123,7.96521852413532e-16,-1.13926135871813,7.119879003544031e-14,-1.1470920239857,9.03619861801972e-14,-1.11903448846531,3.89877541612536e-14,-1.13930526530612,5.59594445040333e-20,0.959183673469388,6,sex=Female;sex=Male;location=Left;location=Right;age_stratum=age_lower;age_stratum=age_upper,1,-1.16659474129132,-1.12878182198963,False,6.82068890997661,5.68178128321539,5.12413217588226,-1.13890762676122,-0.55764910733313,monotonic_down,True,True,True,True,True,True,True,True,True,True,True,0.883741531738179,Tier 1 - high-confidence,-1.26548209331211,2.9284715022470403e-20,True
UGT2A3,-1.19008735432863,6.33695255091994e-16,-1.11285399318468,8.45930397278518e-13,-1.09321754500354,2.58661558893868e-12,-1.1172166036726,8.290278679632859e-13,-1.18943832653061,2.06723547919811e-20,1.0,6,sex=Female;sex=Male;location=Left;location=Right;age_stratum=age_lower;age_stratum=age_upper,1,-1.35160405401145,-1.0495325251395,False,7.53109210712491,6.34100475279628,3.39529469247356,-1.19008735432863,-2.94571006032272,monotonic_down,True,True,True,True,True,True,True,True,True,True,True,0.880008609291901,Tier 1 - high-confidence,-0.628826694942257,0.000230921358215,True
TNC,1.83008785987495,1.88118671174266e-09,1.66307955027192,3.35242125224733e-07,1.63359397630497,6.77990743380607e-07,1.67450055436243,2.97527202937568e-07,1.82960736734694,2.96887354353751e-14,0.989795918367347,6,sex=Female;sex=Male;location=Left;location=Right;age_stratum=age_lower;age_stratum=age_upper,1,1.43289435319967,2.17755558233128,False,2.96821517839819,4.79830303827313,5.12268409384915,1.83008785987495,0.324381055576015,monotonic_up,True,True,True,True,True,True,True,True,True,True,True,0.87786682346371,Tier 1 - high-confidence,-0.0799595333374807,0.850199149921883,False
NLN,-1.32853362550618,8.09408284662365e-16,-1.20651271777751,2.5998294693142997e-12,-1.14775522822283,8.69202577123068e-12,-1.21545874060704,1.8727481180727e-12,-1.32997604081633,1.2409255282422801e-17,0.959183673469388,6,sex=Female;sex=Male;location=Left;location=Right;age_stratum=age_lower;age_stratum=age_upper,1,-1.37069721983968,-1.16488064760396,False,7.56574140536642,6.23720777986025,5.33130982771686,-1.32853362550617,-0.905897952143385,monotonic_down,True,True,True,True,True,True,True,True,True,True,True,0.877384684178198,Tier 1 - high-confidence,-0.62837707401293,0.000606048788361,True
SERPINE2,1.22904465741958,2.0536545578749e-14,1.20988009170369,2.39806186933707e-12,1.17736943166018,8.38284101476815e-12,1.21788326522257,1.86894743858311e-12,1.22779034693878,1.21707738060068e-13,0.948979591836735,6,sex=Female;sex=Male;location=Left;location=Right;age_stratum=age_lower;age_stratum=age_upper,1,0.97686313373647,1.43945789335109,False,5.4215945276754,6.65063918509498,7.58066095827591,1.22904465741958,0.930021773180926,monotonic_up,True,True,True,True,True,True,True,True,True,True,True,0.876418088358471,Tier 1 - high-confidence,0.449005589917407,0.0092795318408106,False
NDRG1,-1.08808029629634,4.31021708449578e-14,-1.10545996041381,1.15440314407782e-12,-1.01131513254962,6.13395969044297e-13,-1.1062545082268,1.3856741410174899e-12,-1.08897679591837,1.53712247736926e-11,0.969387755102041,6,sex=Female;sex=Male;location=Left;location=Right;age_stratum=age_lower;age_stratum=age_upper,1,-1.28501412801964,-0.876959033742214,False,5.29495550606516,4.20687520976882,3.56771440432862,-1.08808029629634,-0.639160805440204,monotonic_down,True,True,True,True,True,True,True,True,True,True,True,0.874142837180485,Tier 1 - high-confidence,-0.790836191325518,1.16471038485891e-05,True
TIMP1,1.35450481158201,9.02045627472352e-14,1.3093994966137,1.69303081872107e-11,1.231540743991,5.0066680506829094e-11,1.33416030390506,2.61204847273793e-12,1.35243775510204,2.4675046727204203e-15,0.918367346938776,6,sex=Female;sex=Male;location=Left;location=Right;age_stratum=age_lower;age_stratum=age_upper,1,1.09520012155145,1.53068716044244,False,6.25099829391073,7.60550310549274,9.77230758979904,1.35450481158201,2.1668044843063,monotonic_up,True,True,True,True,True,True,True,True,True,True,True,0.873090550293898,Tier 1 - high-confidence,0.297622194669298,0.0758088951499701,False
ADAMDEC1,-1.60895822018746,2.82477506357252e-12,-1.46423401808575,1.93855282858222e-09,-1.50531947013876,8.75474859431482e-10,-1.44742690308381,2.51104508943296e-09,-1.60980616326531,2.20536696683437e-17,0.928571428571429,6,sex=Female;sex=Male;location=Left;location=Right;age_stratum=age_lower;age_stratum=age_upper,1,-1.79714215169203,-1.43051403366245,False,9.06010160752491,7.45114338733745,5.14622138294231,-1.60895822018746,-2.30492200439514,monotonic_down,True,True,True,True,True,True,True,True,True,True,True,0.870902079368435,Tier 1 - high-confidence,-1.34911779643765,5.16173908451548e-07,True
CAMTA1,1.09185144303422,3.5495918924562804e-15,1.06425613982943,8.11011184440506e-13,1.03285037854329,2.93850149564963e-12,1.071183878883,6.27328848148502e-13,1.09325314285714,2.02150686425392e-21,0.959183673469388,6,sex=Female;sex=Male;location=Left;location=Right;age_stratum=age_lower;age_stratum=age_upper,1,1.01851645056592,1.12187250911474,False,3.00546813430293,4.09731957733716,5.38322456753797,1.09185144303422,1.28590499020081,monotonic_up,True,True,True,True,True,True,True,True,True,True,True,0.870837200172781,Tier 1 - high-confidence,0.322963335874022,0.0185237511189388,False
SEMA3A,1.35148319882778,1.78316287248643e-13,1.23945338172942,1.72702037757205e-10,1.23606953324348,3.00968211985275e-10,1.25130336291538,1.11993592922959e-10,1.35038528571429,5.19292192150264e-19,0.979591836734694,6,sex=Female;sex=Male;location=Left;location=Right;age_stratum=age_lower;age_stratum=age_upper,1,1.14589877468121,1.53030684998984,False,3.79487171611158,5.14635491493936,5.77374166288554,1.35148319882778,0.627386747946188,monotonic_up,True,True,True,True,True,True,True,True,True,True,True,0.869636236357389,Tier 1 - high-confidence,0.374236277917958,0.0698767896062688,False
SOCS3,1.11984967999702,1.0878346693595e-15,1.02897510177136,2.25920807021274e-12,1.0447911838087,1.7105458353950598e-12,1.0348104357498,1.91378898975122e-12,1.11856028571429,4.38816506239148e-22,0.989795918367347,6,sex=Female;sex=Male;location=Left;location=Right;age_stratum=age_lower;age_stratum=age_upper,1,0.86942747852995,1.26214936245959,False,2.47629608058315,3.59614576058017,3.94257794838067,1.11984967999702,0.346432187800498,monotonic_up,True,True,True,True,True,True,True,True,True,True,True,0.869512236816603,Tier 1 - high-confidence,0.47991844965735,0.0018394366489503,False
FILIP1L,1.36830661115752,2.63382185386836e-12,1.31041880761592,3.8428862745354503e-10,1.27961510188007,1.1194611477890502e-09,1.31354411271595,4.11686273521695e-10,1.37468755102041,1.76582808431777e-17,0.928571428571429,6,sex=Female;sex=Male;location=Left;location=Right;age_stratum=age_lower;age_stratum=age_upper,1,1.09590964841408,1.47297994401097,False,4.49939362423795,5.86770023539547,5.99295883737657,1.36830661115752,0.125258601981104,field_shift_then_plateau,True,True,True,True,True,True,True,True,True,True,True,0.864935422252436,Tier 1 - high-confidence,0.208926543790406,0.310539795902073,False
DPYSL3,1.47497967380556,1.36507960311263e-11,1.35622618132773,5.07542417584525e-09,1.33178861474768,1.20321210766975e-08,1.37287545937468,2.95311225519673e-09,1.47375285714286,5.0934225633941504e-17,0.938775510204082,6,sex=Female;sex=Male;location=Left;location=Right;age_stratum=age_lower;age_stratum=age_upper,1,1.27716682923913,1.64815864429038,False,3.00920757724066,4.48418725104621,4.36838899731973,1.47497967380555,-0.115798253726482,field_shift_then_plateau,True,True,True,True,True,True,True,True,True,True,True,0.861659283380923,Tier 1 - high-confidence,0.0281481736348119,0.919316721472582,False
ASPN,1.23558089552547,3.33423288444881e-12,1.16674033090334,7.35595018158215e-10,1.11636570710828,2.58236672728816e-09,1.17565101357715,5.783465747171441e-10,1.23444689795918,1.77143592204698e-17,0.969387755102041,6,sex=Female;sex=Male;location=Left;location=Right;age_stratum=age_lower;age_stratum=age_upper,1,1.01306350940324,1.44027923669161,False,3.16957698728089,4.40515788280636,4.32518157762026,1.23558089552547,-0.0799763051860953,field_shift_then_plateau,True,True,True,True,True,True,True,True,True,True,True,0.858489425941229,Tier 1 - high-confidence,0.260851586083275,0.201814213058772,False
SFXN1,-1.03607908588891,6.32257622422931e-14,-1.01994041172493,6.6959769078624795e-12,-0.952492397282554,1.49189217528978e-11,-1.03219678691753,2.85334798560228e-12,-1.03797036734694,1.70971641465523e-13,0.938775510204082,6,sex=Female;sex=Male;location=Left;location=Right;age_stratum=age_lower;age_stratum=age_upper,1,-1.04682116555406,-0.914366706169451,False,6.86119760101993,5.82511851513102,5.0021368669002,-1.03607908588891,-0.822981648230821,monotonic_down,True,True,True,True,True,True,True,True,True,True,True,0.858207859814832,Tier 1 - high-confidence,-0.536601334135817,0.0007180529303724,True
LPL,1.49242962017891,1.6415831492268901e-09,1.42719623276959,6.33733004401758e-08,1.44671226135243,5.86202392823765e-08,1.43663446935471,5.59968212102167e-08,1.49226440816327,2.98063812748039e-13,0.918367346938776,6,sex=Female;sex=Male;location=Left;location=Right;age_stratum=age_lower;age_stratum=age_upper,1,1.0441897075882,1.74017353977207,False,3.10970200755665,4.60213162773555,4.71531144968048,1.49242962017891,0.113179821944931,field_shift_then_plateau,True,True,True,True,True,True,True,True,True,True,True,0.855981449578455,Tier 1 - high-confidence,0.59264674967776,0.0637822882907174,False
HAPLN1,-1.0951673458615,1.2160990877331301e-14,-1.03076305081666,8.06491577222558e-12,-1.08792240331843,2.10034894077141e-13,-1.03523759820217,7.708644266137789e-12,-1.09914640816327,1.7973709806071002e-16,0.918367346938776,6,sex=Female;sex=Male;location=Left;location=Right;age_stratum=age_lower;age_stratum=age_upper,1,-1.36289591220006,-0.932701915925364,False,5.39261229462034,4.29744494875885,3.44184234190668,-1.09516734586149,-0.855602606852171,monotonic_down,True,True,True,True,True,True,True,True,True,True,True,0.855488411506044,Tier 1 - high-confidence,-0.979400374628001,4.15901660474273e-08,True
SLC23A3,-1.3254057215496,5.12467763551508e-10,-1.35164161771724,5.24322436711353e-09,-1.17773114998375,1.85110619432982e-09,-1.34325608363307,6.85652025289793e-09,-1.32688306122449,3.4803202110950603e-10,0.897959183673469,6,sex=Female;sex=Male;location=Left;location=Right;age_stratum=age_lower;age_stratum=age_upper,1,-1.47191324642049,-0.979057081179479,False,6.28343559346292,4.95802987191331,3.50266046901027,-1.3254057215496,-1.45536940290304,monotonic_down,True,True,True,True,True,True,True,True,True,True,True,0.855400010059136,Tier 1 - high-confidence,-0.587836595302022,0.0299440146281809,True
GBA3,-1.41427093776889,4.07647139817756e-08,-1.42795006349366,3.4952810327883e-07,-1.23368333322511,4.81855696485935e-07,-1.42991433159506,3.76311252659341e-07,-1.41595771428571,3.97767103142404e-09,0.948979591836735,6,sex=Female;sex=Male;location=Left;location=Right;age_stratum=age_lower;age_stratum=age_upper,1,-1.76750628577551,-0.771121605146135,False,8.62966751090229,7.2153965731334,3.69099408039871,-1.41427093776889,-3.52440249273469,monotonic_down,True,True,True,True,True,True,True,True,True,True,True,0.855111502652817,Tier 1 - high-confidence,-0.584524335558736,0.0979555801583223,False
L1TD1,-1.18205465651915,2.77316514434442e-08,-1.32929548407458,6.750038879046221e-09,-1.17818052905433,6.6895873814333205e-09,-1.33417700566464,6.762033823224041e-09,-1.1797193877551,5.43907987459672e-08,0.908163265306122,6,sex=Female;sex=Male;location=Left;location=Right;age_stratum=age_lower;age_stratum=age_upper,1,-1.57598345456418,-0.908270423309925,False,5.53323463311771,4.35117997659856,4.39747812514665,-1.18205465651915,0.0462981485480984,field_shift_then_plateau,True,True,True,True,True,True,True,True,True,True,True,0.85447795623264,Tier 1 - high-confidence,-1.02286339246434,0.0002846534036861,True
AREG,1.28817443210339,1.93608620188125e-10,1.32061140547392,1.74741054413628e-09,1.28997246883912,4.7599986465679405e-09,1.30909299098631,2.32846484895801e-09,1.29013048979592,4.32728761314643e-14,0.877551020408163,6,sex=Female;sex=Male;location=Left;location=Right;age_stratum=age_lower;age_stratum=age_upper,1,1.00432116189479,1.52037498084177,False,5.59540795143666,6.88358238354004,8.08543030693756,1.28817443210339,1.20184792339751,monotonic_up,True,True,True,True,True,True,True,True,True,True,True,0.853676710792293,Tier 1 - high-confidence,1.82712243523801,3.1459416255245997e-12,True
BAG2,1.66859778579275,1.46701300690891e-08,1.50364583918263,1.88562704065213e-06,1.46150204725831,4.18050482645795e-06,1.52074384449188,1.42427627260351e-06,1.66977469387755,5.35503627348196e-13,0.928571428571429,6,sex=Female;sex=Male;location=Left;location=Right;age_stratum=age_lower;age_stratum=age_upper,1,1.32358152773735,1.97408129797023,False,3.39155248532507,5.06015027111782,4.93867454929336,1.66859778579275,-0.121475721824467,field_shift_then_plateau,True,True,True,True,True,True,True,True,True,True,True,0.852374508326685,Tier 1 - high-confidence,-0.256032644268457,0.432615535037867,False
RBPMS,1.27987536161859,3.4459798679597196e-11,1.19969038351408,6.76579183202478e-09,1.18134101588825,1.49586593711923e-08,1.21634836553424,3.4653342891131403e-09,1.27787959183674,2.2448014838083003e-16,0.948979591836735,6,sex=Female;sex=Male;location=Left;location=Right;age_stratum=age_lower;age_stratum=age_upper,1,1.05982042263547,1.48481440844147,False,3.96503184277491,5.2449072043935,5.70715693024427,1.27987536161859,0.462249725850767,monotonic_up,True,True,True,True,True,True,True,True,True,True,True,0.851044121717629,Tier 1 - high-confidence,0.0169100061179244,0.948567925234179,False
MESP1,-1.04801726662652,1.5886182074203002e-10,-1.04933598718474,3.03549706312411e-09,-0.915147427229518,8.60848990736094e-10,-1.05154328786109,3.2878754753585603e-09,-1.04520591836735,5.7469719974112694e-11,0.959183673469388,6,sex=Female;sex=Male;location=Left;location=Right;age_stratum=age_lower;age_stratum=age_upper,1,-1.29861177482305,-0.491606240337666,False,7.04231460006327,5.99429733343675,4.87998718529399,-1.04801726662652,-1.11431014814276,monotonic_down,True,True,True,True,True,True,True,True,True,True,True,0.844248596601504,Tier 1 - high-confidence,-0.630159251761339,0.0029507994968118,True
ITLN1,-1.37746330728612,3.68795864354026e-10,-1.28017148080884,5.09173427175365e-08,-1.37019462451971,2.6187954956504803e-09,-1.28459350437645,5.16160298866525e-08,-1.37252195918368,1.5598511300722e-13,0.887755102040816,6,sex=Female;sex=Male;location=Left;location=Right;age_stratum=age_lower;age_stratum=age_upper,1,-1.68655841019702,-1.16597982209601,False,11.4356831948179,10.0582198875318,5.83443693315722,-1.37746330728612,-4.22378295437458,monotonic_down,True,True,True,True,True,True,True,True,True,True,True,0.841785365131157,Tier 1 - high-confidence,-0.918313111685182,0.0015849460006301,True
FIBIN,1.24443498184513,8.582069527557159e-11,1.14928215179519,2.0342647243087e-08,1.13543802766956,4.022623937899e-08,1.16407905694801,1.19479851743747e-08,1.25456926530612,4.729685018155329e-16,0.918367346938776,6,sex=Female;sex=Male;location=Left;location=Right;age_stratum=age_lower;age_stratum=age_upper,1,1.03548109306804,1.4472503911193,False,2.61828510318919,3.86272008503432,4.2088363350623,1.24443498184513,0.346116250027983,monotonic_up,True,True,True,True,True,True,True,True,True,True,True,0.839655435632577,Tier 1 - high-confidence,0.0225748607701071,0.932994570023404,False
POPDC3,-1.31102042983508,1.18584890498704e-08,-1.32051979304906,1.03394315337495e-07,-1.18443799921783,2.58713277821286e-07,-1.31483252574168,1.27238962731913e-07,-1.31176506122449,9.1748631502347e-06,0.86734693877551,6,sex=Female;sex=Male;location=Left;location=Right;age_stratum=age_lower;age_stratum=age_upper,1,-2.0002897880962,-0.625132374314613,False,4.25124658959927,2.94022615976419,2.63547590592321,-1.31102042983507,-0.304750253840989,monotonic_down,True,True,True,True,True,True,True,True,True,True,True,0.839554571744842,Tier 1 - high-confidence,-1.32229886799853,2.07482549212045e-05,True
SLC37A2,-1.41929096181374,3.61776873480382e-07,-1.46581772954636,7.68567335713447e-07,-1.33945763489497,2.59380114059677e-06,-1.46623984028294,8.48922827496239e-07,-1.42040893877551,7.11611509495174e-05,0.836734693877551,6,sex=Female;sex=Male;location=Left;location=Right;age_stratum=age_lower;age_stratum=age_upper,1,-2.53702754097097,-0.543583407448313,False,4.56953597302957,3.15024501121584,2.78131938246128,-1.41929096181374,-0.368925628754551,monotonic_down,True,True,True,True,True,True,True,True,True,True,True,0.839337066072202,Tier 1 - high-confidence,-1.31985416114173,0.0004240964204702,True
KLK1,-1.14799746201452,7.55489365749781e-10,-1.1405253992674,1.42407757974201e-08,-1.19943465061638,1.9649299845453203e-09,-1.14190580941924,1.56921404214814e-08,-1.14594775510204,4.1160109770228305e-14,0.897959183673469,6,sex=Female;sex=Male;location=Left;location=Right;age_stratum=age_lower;age_stratum=age_upper,1,-1.40676724996038,-0.839482019865715,False,10.5216443725065,9.37364691049199,7.97885637752783,-1.14799746201452,-1.39479053296416,monotonic_down,True,True,True,True,True,True,True,True,True,True,True,0.837220742978971,Tier 1 - high-confidence,-0.797605342001325,0.0012311994065506,True
IGFBP2,-1.01932851955448,6.41586990633781e-08,-1.12074826216755,2.12358556512869e-08,-1.00467561802446,4.09801304480018e-08,-1.1304581867715,1.65940693774155e-08,-1.01864673469388,1.49643776008776e-07,0.908163265306122,6,sex=Female;sex=Male;location=Left;location=Right;age_stratum=age_lower;age_stratum=age_upper,1,-1.25186527832233,-0.879249054687721,False,9.18457279899852,8.16524427944404,8.25353363128366,-1.01932851955448,0.0882893518396148,field_shift_then_plateau,True,True,True,True,True,True,True,True,True,True,True,0.836026272594245,Tier 1 - high-confidence,-0.817915651575205,0.0009226446828254,True
COL15A1,1.08971562143115,1.50999377342727e-10,1.04519558413015,1.17900939686104e-08,1.03900973105332,2.0237724604485e-08,1.0632246209121,4.587578073224e-09,1.08868995918367,7.357867342250611e-15,0.928571428571429,6,sex=Female;sex=Male;location=Left;location=Right;age_stratum=age_lower;age_stratum=age_upper,1,0.922333838635232,1.23464730275718,False,5.86972711645366,6.95944273788482,7.58037007419332,1.08971562143115,0.620927336308508,monotonic_up,True,True,True,True,True,True,True,True,True,True,True,0.835370479615976,Tier 1 - high-confidence,0.0774889651674459,0.718948449537652,False
GPR34,-1.12664930069637,8.53380530687873e-10,-1.0977348778427,3.14935581996884e-08,-1.13497160490961,1.27785093942883e-08,-1.07752790049311,3.59058495466193e-08,-1.13200102040816,1.98289700835721e-12,0.887755102040816,6,sex=Female;sex=Male;location=Left;location=Right;age_stratum=age_lower;age_stratum=age_upper,1,-1.23973236713639,-1.00288410530028,False,6.62315294144004,5.49650364074367,4.68466780471551,-1.12664930069637,-0.811835836028163,monotonic_down,True,True,True,True,True,True,True,True,True,True,True,0.830244493488939,Tier 1 - high-confidence,-1.73221615949497,8.38358957986481e-20,True
SPP1,1.28318380389063,1.3481993494129e-09,1.17513356743096,2.16959497484146e-07,1.18394455376524,2.45534840550285e-07,1.19044556272246,1.39238572526915e-07,1.28384257142857,2.4279585182976202e-14,0.887755102040816,6,sex=Female;sex=Male;location=Left;location=Right;age_stratum=age_lower;age_stratum=age_upper,1,0.860278437124057,1.49036639195389,False,3.32144723226953,4.60463103616016,6.960505880668,1.28318380389063,2.35587484450784,monotonic_up,True,True,True,True,True,True,True,True,True,True,True,0.829786136063137,Tier 1 - high-confidence,0.0896758855726367,0.767075002177391,False
CCL13,-1.02715892479799,6.83310059743377e-09,-1.11268774997739,7.40318057995809e-09,-1.03716193603504,2.46626569202508e-08,-1.10420645694045,9.698306900268811e-09,-1.02315575510204,8.79052343042147e-09,0.836734693877551,6,sex=Female;sex=Male;location=Left;location=Right;age_stratum=age_lower;age_stratum=age_upper,1,-1.33705767440495,-0.814869051472138,False,6.76451384626842,5.73735492147042,4.31925078295308,-1.02715892479799,-1.41810413851734,monotonic_down,True,True,True,True,True,True,True,True,True,True,True,0.828515378817214,Tier 1 - high-confidence,-1.16127743772755,4.16706427601266e-07,True
SPINK4,-1.53216006953725,1.57399764321856e-06,-1.45407071274703,2.71880430578107e-05,-1.45034646482921,3.59618781016673e-05,-1.46501731811126,2.46458882631545e-05,-1.53072955102041,2.00635426391118e-07,0.836734693877551,6,sex=Female;sex=Male;location=Left;location=Right;age_stratum=age_lower;age_stratum=age_upper,1,-1.6818090146198,-1.37972173449792,False,10.1519923749112,8.61983230537395,7.63562384964989,-1.53216006953725,-0.98420845572406,monotonic_down,True,True,True,True,True,True,True,True,True,True,True,0.827435878971262,Tier 1 - high-confidence,-1.25338711227735,0.0048978553465021,True
CCL20,1.19048174606802,7.08647091782007e-07,1.24601385518371,1.63090245567602e-06,1.24083743084073,2.3689815760162e-06,1.25443871195126,1.47630132380798e-06,1.18573367346939,2.81529024156142e-07,0.836734693877551,6,sex=Female;sex=Male;location=Left;location=Right;age_stratum=age_lower;age_stratum=age_upper,1,0.777381228504708,1.4663063416561,False,7.51583072561773,8.70631247168574,9.85785528398923,1.19048174606801,1.15154281230349,monotonic_up,True,True,True,True,True,True,True,True,True,True,True,0.821302888876692,Tier 1 - high-confidence,1.99710350372801,2.1270072122508497e-11,True
NETO2,-1.17190106376757,2.2407395201303e-06,-1.19678436040791,9.48955011962599e-06,-1.01145296586255,2.05910530489108e-05,-1.19463531881186,1.06487349620681e-05,-1.17082232653061,5.40722401205599e-07,0.836734693877551,6,sex=Female;sex=Male;location=Left;location=Right;age_stratum=age_lower;age_stratum=age_upper,1,-1.38885173610381,-0.579619120074911,False,6.80832220418221,5.63642114041464,5.46256522988151,-1.17190106376756,-0.173855910533137,monotonic_down,True,True,True,True,True,True,True,True,True,True,True,0.812323513269554,Tier 1 - high-confidence,-0.370755654432815,0.313547103747165,False
CXCL11,1.04402788713895,2.51408664569594e-06,1.10178720586646,5.16863129770272e-06,1.19253420595086,4.62719187522427e-07,1.10910618707166,4.72449458258663e-06,1.03842734693878,1.17857129638947e-08,0.857142857142857,6,sex=Female;sex=Male;location=Left;location=Right;age_stratum=age_lower;age_stratum=age_upper,1,0.610468050211971,1.69935774211625,False,2.58369674139742,3.62772462853637,5.42623371042426,1.04402788713895,1.79850908188789,monotonic_up,True,True,True,True,True,True,True,True,True,True,True,0.810338240346261,Tier 1 - high-confidence,1.46815249475991,6.15992378024884e-07,True
FNDC1,1.24189727576705,2.7319842743514e-06,1.23128171262507,1.99751992511453e-05,1.2135785587812,3.25302316370457e-05,1.24985481379173,1.422279638025e-05,1.24186244897959,3.954670017895231e-09,0.816326530612245,6,sex=Female;sex=Male;location=Left;location=Right;age_stratum=age_lower;age_stratum=age_upper,1,0.874010555873254,1.64987509630988,False,3.39971033666557,4.64160761243261,5.87836754891538,1.24189727576704,1.23675993648276,monotonic_up,True,True,True,True,True,True,True,True,True,True,True,0.809563261560231,Tier 1 - high-confidence,-0.173661382041535,0.634692576205808,False
DUOX2,1.20565684726096,3.44661258828936e-05,1.14975131234498,0.0002974053605191,1.01660751661979,0.0009413491959338,1.15649779593567,0.0002853526944036,1.20776375510204,7.97789766318516e-06,0.846938775510204,6,sex=Female;sex=Male;location=Left;location=Right;age_stratum=age_lower;age_stratum=age_upper,1,0.617904874472293,1.54395892259394,False,3.30375958842152,4.50941643568247,5.4866217617908,1.20565684726096,0.977205326108324,monotonic_up,True,True,True,True,True,True,True,True,True,True,True,0.799735284582498,Tier 1 - high-confidence,1.36053986590416,0.0005434425357736,True
CYP2C18,-1.0361288894007,2.07768520955942e-06,-1.02442058117369,1.68363618929795e-05,-0.846874909658517,3.04997223219995e-05,-1.02620042255532,1.75868285956448e-05,-1.03759281632653,3.05171545523391e-07,0.846938775510204,6,sex=Female;sex=Male;location=Left;location=Right;age_stratum=age_lower;age_stratum=age_upper,1,-1.27450438109038,-0.39906840469969,False,6.94610825222631,5.90997936282561,4.18735403776742,-1.0361288894007,-1.72262532505819,monotonic_down,True,True,True,True,True,True,True,True,True,True,True,0.799690950498028,Tier 1 - high-confidence,-0.336682524274539,0.297321385703095,False
