task,repeat,outer_fold,panel_size,effective_gene_count,n_train,n_test,analysis_provenance,f1_macro,f1_weighted,balanced_accuracy,log_loss,precision_adjacent_normal,recall_adjacent_normal,f1_adjacent_normal,precision_healthy,recall_healthy,f1_healthy,precision_tumor,recall_tumor,f1_tumor,roc_auc_ovr_macro,brier_score_multiclass,roc_auc,pr_auc,brier_score,sensitivity,specificity,negative_predictive_value,positive_predictive_value
task_a_three_class,0,0,3,3,196,50,raw_cel_rma,0.9337294142172191,0.9404752970606629,0.9333333333333332,0.23399586428571023,0.9047619047619048,0.95,0.926829268292683,0.9,0.9,0.9,1.0,0.95,0.9743589743589743,0.9869444444444445,0.1113630920232708,,,,,,,
task_a_three_class,0,0,5,5,196,50,raw_cel_rma,0.9337294142172191,0.9404752970606629,0.9333333333333332,0.20823192816637504,0.9047619047619048,0.95,0.926829268292683,0.9,0.9,0.9,1.0,0.95,0.9743589743589743,0.9908333333333333,0.10677296204293193,,,,,,,
task_a_three_class,0,0,10,10,196,50,raw_cel_rma,0.958913308913309,0.9602197802197802,0.9666666666666667,0.2222134144594617,0.95,0.95,0.95,0.9090909090909091,1.0,0.9523809523809523,1.0,0.95,0.9743589743589743,0.9874999999999999,0.1073500990447052,,,,,,,
task_a_three_class,0,0,15,15,196,50,raw_cel_rma,0.958913308913309,0.9602197802197802,0.9666666666666667,0.22644655972690406,0.95,0.95,0.95,0.9090909090909091,1.0,0.9523809523809523,1.0,0.95,0.9743589743589743,0.9869444444444445,0.10892099120156484,,,,,,,
task_a_three_class,0,0,20,20,196,50,raw_cel_rma,0.958913308913309,0.9602197802197802,0.9666666666666667,0.21818050715166645,0.95,0.95,0.95,0.9090909090909091,1.0,0.9523809523809523,1.0,0.95,0.9743589743589743,0.9874999999999999,0.10853620748841482,,,,,,,
task_a_three_class,0,0,full_nonzero,20,196,50,raw_cel_rma,0.958913308913309,0.9602197802197802,0.9666666666666667,0.21818050715166645,0.95,0.95,0.95,0.9090909090909091,1.0,0.9523809523809523,1.0,0.95,0.9743589743589743,0.9874999999999999,0.10853620748841482,,,,,,,
task_a_three_class,0,0,nested_selected_policy,10,196,50,raw_cel_rma,0.958913308913309,0.9602197802197802,0.9666666666666667,0.2222134144594617,0.95,0.95,0.95,0.9090909090909091,1.0,0.9523809523809523,1.0,0.95,0.9743589743589743,0.9874999999999999,0.1073500990447052,,,,,,,
task_a_three_class,0,1,3,3,196,50,raw_cel_rma,0.9355089355089355,0.9407925407925407,0.9499999999999998,0.21164605370546455,0.9473684210526315,0.9,0.9230769230769231,0.8333333333333334,1.0,0.9090909090909091,1.0,0.95,0.9743589743589743,0.9922222222222222,0.10151400235934746,,,,,,,
task_a_three_class,0,1,5,5,196,50,raw_cel_rma,0.9521531100478469,0.9607655502392345,0.9666666666666667,0.16638756669376495,1.0,0.9,0.9473684210526315,0.8333333333333334,1.0,0.9090909090909091,1.0,1.0,1.0,0.9955555555555556,0.0823868847247071,,,,,,,
task_a_three_class,0,1,10,10,196,50,raw_cel_rma,0.9267399267399267,0.9406593406593408,0.9333333333333332,0.12693994450846824,0.9473684210526315,0.9,0.9230769230769231,0.8181818181818182,0.9,0.8571428571428571,1.0,1.0,1.0,0.9972222222222222,0.06152832972007344,,,,,,,
task_a_three_class,0,1,15,15,196,50,raw_cel_rma,0.9267399267399267,0.9406593406593408,0.9333333333333332,0.1244884638244166,0.9473684210526315,0.9,0.9230769230769231,0.8181818181818182,0.9,0.8571428571428571,1.0,1.0,1.0,0.9972222222222222,0.06112768498277057,,,,,,,
task_a_three_class,0,1,20,20,196,50,raw_cel_rma,0.9267399267399267,0.9406593406593408,0.9333333333333332,0.12346705592274007,0.9473684210526315,0.9,0.9230769230769231,0.8181818181818182,0.9,0.8571428571428571,1.0,1.0,1.0,0.9972222222222222,0.060393688783971375,,,,,,,
task_a_three_class,0,1,full_nonzero,47,196,50,raw_cel_rma,0.9267399267399267,0.9406593406593408,0.9333333333333332,0.12046257761856127,0.9473684210526315,0.9,0.9230769230769231,0.8181818181818182,0.9,0.8571428571428571,1.0,1.0,1.0,0.9972222222222222,0.05911768461321318,,,,,,,
task_a_three_class,0,1,nested_selected_policy,5,196,50,raw_cel_rma,0.9521531100478469,0.9607655502392345,0.9666666666666667,0.16638756669376495,1.0,0.9,0.9473684210526315,0.8333333333333334,1.0,0.9090909090909091,1.0,1.0,1.0,0.9955555555555556,0.0823868847247071,,,,,,,
task_a_three_class,0,2,3,3,198,48,raw_cel_rma,1.0,1.0,1.0,0.24230165472598378,1.0,1.0,1.0,1.0,1.0,1.0,1.0,1.0,1.0,1.0,0.10422724320957921,,,,,,,
task_a_three_class,0,2,5,5,198,48,raw_cel_rma,1.0,1.0,1.0,0.19634345406368128,1.0,1.0,1.0,1.0,1.0,1.0,1.0,1.0,1.0,1.0,0.08079381437167411,,,,,,,
task_a_three_class,0,2,10,10,198,48,raw_cel_rma,1.0,1.0,1.0,0.1584281788004511,1.0,1.0,1.0,1.0,1.0,1.0,1.0,1.0,1.0,1.0,0.0659163400765239,,,,,,,
task_a_three_class,0,2,15,15,198,48,raw_cel_rma,0.9751179751179752,0.9793811668811668,0.9824561403508771,0.14694853518449358,1.0,0.9473684210526315,0.972972972972973,0.9090909090909091,1.0,0.9523809523809523,1.0,1.0,1.0,1.0,0.0612871805537199,,,,,,,
task_a_three_class,0,2,20,20,198,48,raw_cel_rma,0.9511784511784511,0.9590698653198654,0.9649122807017544,0.15665287308849293,1.0,0.8947368421052632,0.9444444444444444,0.8333333333333334,1.0,0.9090909090909091,1.0,1.0,1.0,1.0,0.0685703215988234,,,,,,,
task_a_three_class,0,2,full_nonzero,47,198,48,raw_cel_rma,0.9511784511784511,0.9590698653198654,0.9649122807017544,0.14815656399200508,1.0,0.8947368421052632,0.9444444444444444,0.8333333333333334,1.0,0.9090909090909091,1.0,1.0,1.0,1.0,0.06506473777314575,,,,,,,
task_a_three_class,0,2,nested_selected_policy,10,198,48,raw_cel_rma,1.0,1.0,1.0,0.1584281788004511,1.0,1.0,1.0,1.0,1.0,1.0,1.0,1.0,1.0,1.0,0.0659163400765239,,,,,,,
task_a_three_class,0,3,3,3,198,48,raw_cel_rma,0.9575741154688524,0.9585478335478337,0.9649122807017543,0.1969624922920882,0.9473684210526315,0.9473684210526315,0.9473684210526315,0.9090909090909091,1.0,0.9523809523809523,1.0,0.9473684210526315,0.972972972972973,0.9919237749546279,0.08986938692267905,,,,,,,
task_a_three_class,0,3,5,5,198,48,raw_cel_rma,0.9751179751179752,0.9793811668811668,0.9824561403508771,0.13976971806231492,1.0,0.9473684210526315,0.972972972972973,0.9090909090909091,1.0,0.9523809523809523,1.0,1.0,1.0,1.0,0.054423082916241546,,,,,,,
task_a_three_class,0,3,10,10,198,48,raw_cel_rma,0.9575741154688524,0.9585478335478337,0.9649122807017543,0.12492698956461452,0.9473684210526315,0.9473684210526315,0.9473684210526315,0.9090909090909091,1.0,0.9523809523809523,1.0,0.9473684210526315,0.972972972972973,0.9993950393224441,0.053359318548500366,,,,,,,
task_a_three_class,0,3,15,15,198,48,raw_cel_rma,0.9575741154688524,0.9585478335478337,0.9649122807017543,0.13465338911122327,0.9473684210526315,0.9473684210526315,0.9473684210526315,0.9090909090909091,1.0,0.9523809523809523,1.0,0.9473684210526315,0.972972972972973,0.9981851179673322,0.0628968796357837,,,,,,,
task_a_three_class,0,3,20,20,198,48,raw_cel_rma,0.9575741154688524,0.9585478335478337,0.9649122807017543,0.12046754853022379,0.9473684210526315,0.9473684210526315,0.9473684210526315,0.9090909090909091,1.0,0.9523809523809523,1.0,0.9473684210526315,0.972972972972973,0.9993950393224441,0.05306534095847045,,,,,,,
task_a_three_class,0,3,full_nonzero,47,198,48,raw_cel_rma,0.9575741154688524,0.9585478335478337,0.9649122807017543,0.11345912021002548,0.9473684210526315,0.9473684210526315,0.9473684210526315,0.9090909090909091,1.0,0.9523809523809523,1.0,0.9473684210526315,0.972972972972973,0.9993950393224441,0.04848699222958919,,,,,,,
task_a_three_class,0,3,nested_selected_policy,10,198,48,raw_cel_rma,0.9575741154688524,0.9585478335478337,0.9649122807017543,0.12492698956461452,0.9473684210526315,0.9473684210526315,0.9473684210526315,0.9090909090909091,1.0,0.9523809523809523,1.0,0.9473684210526315,0.972972972972973,0.9993950393224441,0.053359318548500366,,,,,,,
task_a_three_class,0,4,3,3,196,50,raw_cel_rma,0.947089947089947,0.9587301587301588,0.9333333333333332,0.28593244156310793,0.9090909090909091,1.0,0.9523809523809523,1.0,0.8,0.8888888888888888,1.0,1.0,1.0,0.9766666666666666,0.13480638982614612,,,,,,,
task_a_three_class,0,4,5,5,196,50,raw_cel_rma,0.9229781771501925,0.9391527599486521,0.9166666666666666,0.2765766670648684,0.9047619047619048,0.95,0.926829268292683,0.8888888888888888,0.8,0.8421052631578947,1.0,1.0,1.0,0.9727777777777779,0.14838887921221194,,,,,,,
task_a_three_class,0,4,10,10,196,50,raw_cel_rma,0.8632010943912448,0.8946648426812586,0.85,0.2655040214757549,0.8260869565217391,0.95,0.8837209302325582,0.8571428571428571,0.6,0.7058823529411765,1.0,1.0,1.0,0.9752777777777778,0.1443425004141059,,,,,,,
task_a_three_class,0,4,15,15,196,50,raw_cel_rma,0.8941798941798943,0.9174603174603174,0.8833333333333333,0.25461942994476283,0.8636363636363636,0.95,0.9047619047619048,0.875,0.7,0.7777777777777778,1.0,1.0,1.0,0.9788888888888888,0.13673952028809216,,,,,,,
task_a_three_class,0,4,20,20,196,50,raw_cel_rma,0.9229781771501925,0.9391527599486521,0.9166666666666666,0.25415927584875075,0.9047619047619048,0.95,0.926829268292683,0.8888888888888888,0.8,0.8421052631578947,1.0,1.0,1.0,0.9794444444444445,0.13626118108915022,,,,,,,
task_a_three_class,0,4,full_nonzero,22,196,50,raw_cel_rma,0.9229781771501925,0.9391527599486521,0.9166666666666666,0.25426629833521536,0.9047619047619048,0.95,0.926829268292683,0.8888888888888888,0.8,0.8421052631578947,1.0,1.0,1.0,0.9794444444444445,0.13638895317087016,,,,,,,
task_a_three_class,0,4,nested_selected_policy,5,196,50,raw_cel_rma,0.9229781771501925,0.9391527599486521,0.9166666666666666,0.2765766670648684,0.9047619047619048,0.95,0.926829268292683,0.8888888888888888,0.8,0.8421052631578947,1.0,1.0,1.0,0.9727777777777779,0.14838887921221194,,,,,,,
task_a_three_class,1,0,3,3,196,50,raw_cel_rma,0.8748868485710591,0.881443165653692,0.8666666666666667,0.3655426446101928,0.7916666666666666,0.95,0.8636363636363636,0.8888888888888888,0.8,0.8421052631578947,1.0,0.85,0.918918918918919,0.9647222222222221,0.1680043980312923,,,,,,,
task_a_three_class,1,0,5,5,196,50,raw_cel_rma,0.9173767752715122,0.9208521303258145,0.9166666666666666,0.3183235356285454,0.8636363636363636,0.95,0.9047619047619048,0.9,0.9,0.9,1.0,0.9,0.9473684210526315,0.9661111111111111,0.14112722662015162,,,,,,,
task_a_three_class,1,0,10,10,196,50,raw_cel_rma,0.9421928805754223,0.9401552662143163,0.9500000000000001,0.23086855052855879,0.9047619047619048,0.95,0.926829268292683,0.9090909090909091,1.0,0.9523809523809523,1.0,0.9,0.9473684210526315,0.9880555555555555,0.12458251083387907,,,,,,,
task_a_three_class,1,0,15,15,196,50,raw_cel_rma,0.958913308913309,0.9602197802197802,0.9666666666666667,0.18266588837147194,0.95,0.95,0.95,0.9090909090909091,1.0,0.9523809523809523,1.0,0.95,0.9743589743589743,0.9955555555555556,0.09666865651945898,,,,,,,
task_a_three_class,1,0,20,20,196,50,raw_cel_rma,0.958913308913309,0.9602197802197802,0.9666666666666667,0.177167884938264,0.95,0.95,0.95,0.9090909090909091,1.0,0.9523809523809523,1.0,0.95,0.9743589743589743,0.9974999999999999,0.09431132230689063,,,,,,,
task_a_three_class,1,0,full_nonzero,48,196,50,raw_cel_rma,0.958913308913309,0.9602197802197802,0.9666666666666667,0.17449067782226207,0.95,0.95,0.95,0.9090909090909091,1.0,0.9523809523809523,1.0,0.95,0.9743589743589743,0.9969444444444444,0.09311384740095868,,,,,,,
task_a_three_class,1,0,nested_selected_policy,5,196,50,raw_cel_rma,0.9173767752715122,0.9208521303258145,0.9166666666666666,0.3183235356285454,0.8636363636363636,0.95,0.9047619047619048,0.9,0.9,0.9,1.0,0.9,0.9473684210526315,0.9661111111111111,0.14112722662015162,,,,,,,
task_a_three_class,1,1,3,3,196,50,raw_cel_rma,0.9755799755799756,0.9802197802197802,0.9833333333333334,0.19776981043628783,1.0,0.95,0.9743589743589743,0.9090909090909091,1.0,0.9523809523809523,1.0,1.0,1.0,0.9994444444444444,0.08298553677172152,,,,,,,
task_a_three_class,1,1,5,5,196,50,raw_cel_rma,0.9521531100478469,0.9607655502392345,0.9666666666666667,0.18088205524292952,1.0,0.9,0.9473684210526315,0.8333333333333334,1.0,0.9090909090909091,1.0,1.0,1.0,1.0,0.08128086686299668,,,,,,,
task_a_three_class,1,1,10,10,196,50,raw_cel_rma,0.9521531100478469,0.9607655502392345,0.9666666666666667,0.15615751414973,1.0,0.9,0.9473684210526315,0.8333333333333334,1.0,0.9090909090909091,1.0,1.0,1.0,1.0,0.07011905656223211,,,,,,,
task_a_three_class,1,1,15,15,196,50,raw_cel_rma,0.9521531100478469,0.9607655502392345,0.9666666666666667,0.15017523361490817,1.0,0.9,0.9473684210526315,0.8333333333333334,1.0,0.9090909090909091,1.0,1.0,1.0,1.0,0.06725120579748578,,,,,,,
task_a_three_class,1,1,20,20,196,50,raw_cel_rma,0.9521531100478469,0.9607655502392345,0.9666666666666667,0.15052683419785307,1.0,0.9,0.9473684210526315,0.8333333333333334,1.0,0.9090909090909091,1.0,1.0,1.0,1.0,0.06797176759413388,,,,,,,
task_a_three_class,1,1,full_nonzero,31,196,50,raw_cel_rma,0.9521531100478469,0.9607655502392345,0.9666666666666667,0.14942743181294202,1.0,0.9,0.9473684210526315,0.8333333333333334,1.0,0.9090909090909091,1.0,1.0,1.0,1.0,0.06756533501589647,,,,,,,
task_a_three_class,1,1,nested_selected_policy,5,196,50,raw_cel_rma,0.9521531100478469,0.9607655502392345,0.9666666666666667,0.18088205524292952,1.0,0.9,0.9473684210526315,0.8333333333333334,1.0,0.9090909090909091,1.0,1.0,1.0,1.0,0.08128086686299668,,,,,,,
task_a_three_class,1,2,3,3,196,50,raw_cel_rma,0.8642533936651584,0.8832579185520362,0.9,0.33796780522344105,1.0,0.7,0.8235294117647058,0.625,1.0,0.7692307692307693,1.0,1.0,1.0,0.9783333333333334,0.19497595469579201,,,,,,,
task_a_three_class,1,2,5,5,196,50,raw_cel_rma,0.9355089355089355,0.9407925407925407,0.9499999999999998,0.31279234901923336,0.9473684210526315,0.9,0.9230769230769231,0.8333333333333334,1.0,0.9090909090909091,1.0,0.95,0.9743589743589743,0.9838888888888889,0.16770140350058094,,,,,,,
task_a_three_class,1,2,10,10,196,50,raw_cel_rma,0.9355089355089355,0.9407925407925407,0.9499999999999998,0.2663059488699362,0.9473684210526315,0.9,0.9230769230769231,0.8333333333333334,1.0,0.9090909090909091,1.0,0.95,0.9743589743589743,0.9888888888888889,0.13904597409903421,,,,,,,
task_a_three_class,1,2,15,15,196,50,raw_cel_rma,0.9128870112851807,0.9215513700639559,0.9333333333333332,0.25551349349001806,0.9444444444444444,0.85,0.8947368421052632,0.7692307692307693,1.0,0.8695652173913043,1.0,0.95,0.9743589743589743,0.9891666666666666,0.13477776125353239,,,,,,,
task_a_three_class,1,2,20,20,196,50,raw_cel_rma,0.9128870112851807,0.9215513700639559,0.9333333333333332,0.26224648773718473,0.9444444444444444,0.85,0.8947368421052632,0.7692307692307693,1.0,0.8695652173913043,1.0,0.95,0.9743589743589743,0.9900000000000001,0.1360014492907266,,,,,,,
task_a_three_class,1,2,full_nonzero,20,196,50,raw_cel_rma,0.9128870112851807,0.9215513700639559,0.9333333333333332,0.26224648773718473,0.9444444444444444,0.85,0.8947368421052632,0.7692307692307693,1.0,0.8695652173913043,1.0,0.95,0.9743589743589743,0.9900000000000001,0.1360014492907266,,,,,,,
task_a_three_class,1,2,nested_selected_policy,10,196,50,raw_cel_rma,0.9355089355089355,0.9407925407925407,0.9499999999999998,0.2663059488699362,0.9473684210526315,0.9,0.9230769230769231,0.8333333333333334,1.0,0.9090909090909091,1.0,0.95,0.9743589743589743,0.9888888888888889,0.13904597409903421,,,,,,,
task_a_three_class,1,3,3,3,198,48,raw_cel_rma,0.921727395411606,0.9366565452091767,0.9157894736842106,0.31552512666376964,0.9,0.9473684210526315,0.9230769230769231,0.8888888888888888,0.8,0.8421052631578947,1.0,1.0,1.0,0.9706291591046581,0.15922077492605072,,,,,,,
task_a_three_class,1,3,5,5,198,48,raw_cel_rma,0.921727395411606,0.9366565452091767,0.9157894736842106,0.2674081514305965,0.9,0.9473684210526315,0.9230769230769231,0.8888888888888888,0.8,0.8421052631578947,1.0,1.0,1.0,0.9717785843920145,0.138252430958294,,,,,,,
task_a_three_class,1,3,10,10,198,48,raw_cel_rma,0.9491228070175438,0.9583333333333334,0.9491228070175438,0.23105795542989652,0.9473684210526315,0.9473684210526315,0.9473684210526315,0.9,0.9,0.9,1.0,1.0,1.0,0.9801875378100423,0.12599459597657173,,,,,,,
task_a_three_class,1,3,15,15,198,48,raw_cel_rma,0.9491228070175438,0.9583333333333334,0.9491228070175438,0.21252317709115434,0.9473684210526315,0.9473684210526315,0.9473684210526315,0.9,0.9,0.9,1.0,1.0,1.0,0.9825468844525106,0.11345413049522558,,,,,,,
task_a_three_class,1,3,20,20,198,48,raw_cel_rma,0.9491228070175438,0.9583333333333334,0.9491228070175438,0.19442362493965648,0.9473684210526315,0.9473684210526315,0.9473684210526315,0.9,0.9,0.9,1.0,1.0,1.0,0.9866606170598912,0.10295900246829671,,,,,,,
task_a_three_class,1,3,full_nonzero,47,198,48,raw_cel_rma,0.921727395411606,0.9366565452091767,0.9157894736842106,0.18516185670874327,0.9,0.9473684210526315,0.9230769230769231,0.8888888888888888,0.8,0.8421052631578947,1.0,1.0,1.0,0.9866606170598912,0.09980591137804291,,,,,,,
task_a_three_class,1,3,nested_selected_policy,10,198,48,raw_cel_rma,0.9491228070175438,0.9583333333333334,0.9491228070175438,0.23105795542989652,0.9473684210526315,0.9473684210526315,0.9473684210526315,0.9,0.9,0.9,1.0,1.0,1.0,0.9801875378100423,0.12599459597657173,,,,,,,
task_a_three_class,1,4,3,3,198,48,raw_cel_rma,0.9511784511784511,0.9590698653198654,0.9649122807017544,0.18419722416831777,1.0,0.8947368421052632,0.9444444444444444,0.8333333333333334,1.0,0.9090909090909091,1.0,1.0,1.0,1.0,0.08030461594265868,,,,,,,
task_a_three_class,1,4,5,5,198,48,raw_cel_rma,0.9511784511784511,0.9590698653198654,0.9649122807017544,0.1505943155486559,1.0,0.8947368421052632,0.9444444444444444,0.8333333333333334,1.0,0.9090909090909091,1.0,1.0,1.0,1.0,0.06238954908933622,,,,,,,
task_a_three_class,1,4,10,10,198,48,raw_cel_rma,0.9751179751179752,0.9793811668811668,0.9824561403508771,0.10903558396911839,1.0,0.9473684210526315,0.972972972972973,0.9090909090909091,1.0,0.9523809523809523,1.0,1.0,1.0,1.0,0.04048023743686164,,,,,,,
task_a_three_class,1,4,15,15,198,48,raw_cel_rma,0.9751179751179752,0.9793811668811668,0.9824561403508771,0.10804615912567976,1.0,0.9473684210526315,0.972972972972973,0.9090909090909091,1.0,0.9523809523809523,1.0,1.0,1.0,1.0,0.04100428351917044,,,,,,,
task_a_three_class,1,4,20,20,198,48,raw_cel_rma,0.9751179751179752,0.9793811668811668,0.9824561403508771,0.10912031005883764,1.0,0.9473684210526315,0.972972972972973,0.9090909090909091,1.0,0.9523809523809523,1.0,1.0,1.0,1.0,0.04196079371755294,,,,,,,
task_a_three_class,1,4,full_nonzero,33,198,48,raw_cel_rma,0.9751179751179752,0.9793811668811668,0.9824561403508771,0.10883899496938676,1.0,0.9473684210526315,0.972972972972973,0.9090909090909091,1.0,0.9523809523809523,1.0,1.0,1.0,1.0,0.0418453191560291,,,,,,,
task_a_three_class,1,4,nested_selected_policy,10,198,48,raw_cel_rma,0.9751179751179752,0.9793811668811668,0.9824561403508771,0.10903558396911839,1.0,0.9473684210526315,0.972972972972973,0.9090909090909091,1.0,0.9523809523809523,1.0,1.0,1.0,1.0,0.04048023743686164,,,,,,,
task_a_three_class,2,0,3,3,196,50,raw_cel_rma,0.9070753807595913,0.9200694042799304,0.9,0.3095486877617856,0.8636363636363636,0.95,0.9047619047619048,0.8888888888888888,0.8,0.8421052631578947,1.0,0.95,0.9743589743589743,0.9766666666666667,0.1639954328723565,,,,,,,
task_a_three_class,2,0,5,5,196,50,raw_cel_rma,0.9070753807595913,0.9200694042799304,0.9,0.27908139548800615,0.8636363636363636,0.95,0.9047619047619048,0.8888888888888888,0.8,0.8421052631578947,1.0,0.95,0.9743589743589743,0.9836111111111111,0.15103549791969828,,,,,,,
task_a_three_class,2,0,10,10,196,50,raw_cel_rma,0.9337294142172191,0.9404752970606629,0.9333333333333332,0.2455636603901493,0.9047619047619048,0.95,0.926829268292683,0.9,0.9,0.9,1.0,0.95,0.9743589743589743,0.9880555555555555,0.1320606880100127,,,,,,,
task_a_three_class,2,0,15,15,196,50,raw_cel_rma,0.8900513478818999,0.8996405648267009,0.8833333333333334,0.25174746631804423,0.8571428571428571,0.9,0.8780487804878049,0.8888888888888888,0.8,0.8421052631578947,0.95,0.95,0.95,0.9852777777777778,0.14164962157602207,,,,,,,
task_a_three_class,2,0,20,20,196,50,raw_cel_rma,0.8900513478818999,0.8996405648267009,0.8833333333333334,0.24344599471281028,0.8571428571428571,0.9,0.8780487804878049,0.8888888888888888,0.8,0.8421052631578947,0.95,0.95,0.95,0.9863888888888889,0.13526006238503807,,,,,,,
task_a_three_class,2,0,full_nonzero,39,196,50,raw_cel_rma,0.9166666666666666,0.92,0.9166666666666666,0.24332274915253904,0.9,0.9,0.9,0.9,0.9,0.9,0.95,0.95,0.95,0.9858333333333333,0.13590019285151156,,,,,,,
task_a_three_class,2,0,nested_selected_policy,5,196,50,raw_cel_rma,0.9070753807595913,0.9200694042799304,0.9,0.27908139548800615,0.8636363636363636,0.95,0.9047619047619048,0.8888888888888888,0.8,0.8421052631578947,1.0,0.95,0.9743589743589743,0.9836111111111111,0.15103549791969828,,,,,,,
task_a_three_class,2,1,3,3,196,50,raw_cel_rma,0.9355089355089355,0.9407925407925407,0.9499999999999998,0.21725703190576362,0.9473684210526315,0.9,0.9230769230769231,0.8333333333333334,1.0,0.9090909090909091,1.0,0.95,0.9743589743589743,0.9911111111111112,0.1010404861562288,,,,,,,
task_a_three_class,2,1,5,5,196,50,raw_cel_rma,0.9521531100478469,0.9607655502392345,0.9666666666666667,0.1668054469630021,1.0,0.9,0.9473684210526315,0.8333333333333334,1.0,0.9090909090909091,1.0,1.0,1.0,0.9944444444444445,0.08237196129241886,,,,,,,
task_a_three_class,2,1,10,10,196,50,raw_cel_rma,0.9267399267399267,0.9406593406593408,0.9333333333333332,0.1291990119421724,0.9473684210526315,0.9,0.9230769230769231,0.8181818181818182,0.9,0.8571428571428571,1.0,1.0,1.0,0.9958333333333332,0.06638774506031558,,,,,,,
task_a_three_class,2,1,15,15,196,50,raw_cel_rma,0.9267399267399267,0.9406593406593408,0.9333333333333332,0.1285160759248715,0.9473684210526315,0.9,0.9230769230769231,0.8181818181818182,0.9,0.8571428571428571,1.0,1.0,1.0,0.9958333333333332,0.06993602470533786,,,,,,,
task_a_three_class,2,1,20,20,196,50,raw_cel_rma,0.9267399267399267,0.9406593406593408,0.9333333333333332,0.12571250761180391,0.9473684210526315,0.9,0.9230769230769231,0.8181818181818182,0.9,0.8571428571428571,1.0,1.0,1.0,0.9958333333333332,0.06912249226566104,,,,,,,
task_a_three_class,2,1,full_nonzero,46,196,50,raw_cel_rma,0.9267399267399267,0.9406593406593408,0.9333333333333332,0.12328503993783045,0.9473684210526315,0.9,0.9230769230769231,0.8181818181818182,0.9,0.8571428571428571,1.0,1.0,1.0,0.9958333333333332,0.0683677310183482,,,,,,,
task_a_three_class,2,1,nested_selected_policy,5,196,50,raw_cel_rma,0.9521531100478469,0.9607655502392345,0.9666666666666667,0.1668054469630021,1.0,0.9,0.9473684210526315,0.8333333333333334,1.0,0.9090909090909091,1.0,1.0,1.0,0.9944444444444445,0.08237196129241886,,,,,,,
task_a_three_class,2,2,3,3,196,50,raw_cel_rma,0.8450565950565951,0.864067914067914,0.8666666666666666,0.2975946026214416,0.8823529411764706,0.75,0.8108108108108109,0.6428571428571429,0.9,0.75,1.0,0.95,0.9743589743589743,0.9836111111111112,0.16779134715087235,,,,,,,
task_a_three_class,2,2,5,5,196,50,raw_cel_rma,0.958913308913309,0.9602197802197802,0.9666666666666667,0.24462471627406956,0.95,0.95,0.95,0.9090909090909091,1.0,0.9523809523809523,1.0,0.95,0.9743589743589743,0.9958333333333332,0.12491651700332157,,,,,,,
task_a_three_class,2,2,10,10,196,50,raw_cel_rma,0.9337294142172191,0.9404752970606629,0.9333333333333332,0.21553787313795345,0.9047619047619048,0.95,0.926829268292683,0.9,0.9,0.9,1.0,0.95,0.9743589743589743,0.9925,0.10547988743519061,,,,,,,
task_a_three_class,2,2,15,15,196,50,raw_cel_rma,0.9337294142172191,0.9404752970606629,0.9333333333333332,0.2131433980540725,0.9047619047619048,0.95,0.926829268292683,0.9,0.9,0.9,1.0,0.95,0.9743589743589743,0.9938888888888888,0.10402782131854145,,,,,,,
task_a_three_class,2,2,20,16,196,50,raw_cel_rma,0.9337294142172191,0.9404752970606629,0.9333333333333332,0.21317901611609866,0.9047619047619048,0.95,0.926829268292683,0.9,0.9,0.9,1.0,0.95,0.9743589743589743,0.9938888888888888,0.10404460878673522,,,,,,,
task_a_three_class,2,2,full_nonzero,16,196,50,raw_cel_rma,0.9337294142172191,0.9404752970606629,0.9333333333333332,0.21317901611609866,0.9047619047619048,0.95,0.926829268292683,0.9,0.9,0.9,1.0,0.95,0.9743589743589743,0.9938888888888888,0.10404460878673522,,,,,,,
task_a_three_class,2,2,nested_selected_policy,10,196,50,raw_cel_rma,0.9337294142172191,0.9404752970606629,0.9333333333333332,0.21553787313795345,0.9047619047619048,0.95,0.926829268292683,0.9,0.9,0.9,1.0,0.95,0.9743589743589743,0.9925,0.10547988743519061,,,,,,,
task_a_three_class,2,3,3,3,198,48,raw_cel_rma,0.9336609336609337,0.9382678132678133,0.9473684210526315,0.2875263695258187,0.9444444444444444,0.8947368421052632,0.918918918918919,0.8333333333333334,1.0,0.9090909090909091,1.0,0.9473684210526315,0.972972972972973,0.9709618874773139,0.10809519747787118,,,,,,,
task_a_three_class,2,3,5,5,198,48,raw_cel_rma,0.9575741154688524,0.9585478335478337,0.9649122807017543,0.2441177703928594,0.9473684210526315,0.9473684210526315,0.9473684210526315,0.9090909090909091,1.0,0.9523809523809523,1.0,0.9473684210526315,0.972972972972973,0.9751966122202057,0.10324253448838339,,,,,,,
task_a_three_class,2,3,10,10,198,48,raw_cel_rma,0.9575741154688524,0.9585478335478337,0.9649122807017543,0.17571427283133242,0.9473684210526315,0.9473684210526315,0.9473684210526315,0.9090909090909091,1.0,0.9523809523809523,1.0,0.9473684210526315,0.972972972972973,0.9927404718693285,0.09173359742063052,,,,,,,
task_a_three_class,2,3,15,15,198,48,raw_cel_rma,0.9575741154688524,0.9585478335478337,0.9649122807017543,0.1762461376150041,0.9473684210526315,0.9473684210526315,0.9473684210526315,0.9090909090909091,1.0,0.9523809523809523,1.0,0.9473684210526315,0.972972972972973,0.9909255898366607,0.09173082930569827,,,,,,,
task_a_three_class,2,3,20,20,198,48,raw_cel_rma,0.9575741154688524,0.9585478335478337,0.9649122807017543,0.186326017290969,0.9473684210526315,0.9473684210526315,0.9473684210526315,0.9090909090909091,1.0,0.9523809523809523,1.0,0.9473684210526315,0.972972972972973,0.9891107078039928,0.09167622850874164,,,,,,,
task_a_three_class,2,3,full_nonzero,45,198,48,raw_cel_rma,0.9575741154688524,0.9585478335478337,0.9649122807017543,0.18037791009899493,0.9473684210526315,0.9473684210526315,0.9473684210526315,0.9090909090909091,1.0,0.9523809523809523,1.0,0.9473684210526315,0.972972972972973,0.9903206291591048,0.09035303979234703,,,,,,,
task_a_three_class,2,3,nested_selected_policy,5,198,48,raw_cel_rma,0.9575741154688524,0.9585478335478337,0.9649122807017543,0.2441177703928594,0.9473684210526315,0.9473684210526315,0.9473684210526315,0.9090909090909091,1.0,0.9523809523809523,1.0,0.9473684210526315,0.972972972972973,0.9751966122202057,0.10324253448838339,,,,,,,
task_a_three_class,2,4,3,3,198,48,raw_cel_rma,0.9751179751179752,0.9793811668811668,0.9824561403508771,0.24954685885382114,1.0,0.9473684210526315,0.972972972972973,0.9090909090909091,1.0,0.9523809523809523,1.0,1.0,1.0,1.0,0.11876948258774726,,,,,,,
task_a_three_class,2,4,5,5,198,48,raw_cel_rma,0.9279503105590061,0.9388975155279503,0.9473684210526315,0.2225130875576269,1.0,0.8421052631578947,0.9142857142857143,0.7692307692307693,1.0,0.8695652173913043,1.0,1.0,1.0,0.9955535390199638,0.11348524852536657,,,,,,,
task_a_three_class,2,4,10,10,198,48,raw_cel_rma,0.9511784511784511,0.9590698653198654,0.9649122807017544,0.18271296762377362,1.0,0.8947368421052632,0.9444444444444444,0.8333333333333334,1.0,0.9090909090909091,1.0,1.0,1.0,0.9970356926799758,0.08850078006183522,,,,,,,
task_a_three_class,2,4,15,15,198,48,raw_cel_rma,0.9751179751179752,0.9793811668811668,0.9824561403508771,0.1715164588707249,1.0,0.9473684210526315,0.972972972972973,0.9090909090909091,1.0,0.9523809523809523,1.0,1.0,1.0,0.998517846339988,0.08240442777139773,,,,,,,
task_a_three_class,2,4,20,20,198,48,raw_cel_rma,0.9751179751179752,0.9793811668811668,0.9824561403508771,0.1654354014391293,1.0,0.9473684210526315,0.972972972972973,0.9090909090909091,1.0,0.9523809523809523,1.0,1.0,1.0,0.998517846339988,0.07723742083338687,,,,,,,
task_a_three_class,2,4,full_nonzero,30,198,48,raw_cel_rma,0.9751179751179752,0.9793811668811668,0.9824561403508771,0.16230243196658317,1.0,0.9473684210526315,0.972972972972973,0.9090909090909091,1.0,0.9523809523809523,1.0,1.0,1.0,0.998517846339988,0.07425165406591941,,,,,,,
task_a_three_class,2,4,nested_selected_policy,10,198,48,raw_cel_rma,0.9511784511784511,0.9590698653198654,0.9649122807017544,0.18271296762377362,1.0,0.8947368421052632,0.9444444444444444,0.8333333333333334,1.0,0.9090909090909091,1.0,1.0,1.0,0.9970356926799758,0.08850078006183522,,,,,,,
task_b_field_effect,0,0,3,3,118,30,raw_cel_rma,1.0,1.0,1.0,0.1856760095934699,1.0,1.0,1.0,1.0,1.0,1.0,,,,,,1.0,0.9999999999999999,0.03143504314966548,1.0,1.0,1.0,1.0
task_b_field_effect,0,0,5,5,118,30,raw_cel_rma,1.0,1.0,1.0,0.1575818592428124,1.0,1.0,1.0,1.0,1.0,1.0,,,,,,1.0,0.9999999999999999,0.02409871941284567,1.0,1.0,1.0,1.0
task_b_field_effect,0,0,10,10,118,30,raw_cel_rma,1.0,1.0,1.0,0.13894256328633256,1.0,1.0,1.0,1.0,1.0,1.0,,,,,,1.0,0.9999999999999999,0.019032332502954382,1.0,1.0,1.0,1.0
task_b_field_effect,0,0,15,15,118,30,raw_cel_rma,1.0,1.0,1.0,0.13340074359183157,1.0,1.0,1.0,1.0,1.0,1.0,,,,,,1.0,0.9999999999999999,0.01800330983163751,1.0,1.0,1.0,1.0
task_b_field_effect,0,0,20,20,118,30,raw_cel_rma,1.0,1.0,1.0,0.13206341447883246,1.0,1.0,1.0,1.0,1.0,1.0,,,,,,1.0,0.9999999999999999,0.017599957546843212,1.0,1.0,1.0,1.0
task_b_field_effect,0,0,full_nonzero,39,118,30,raw_cel_rma,1.0,1.0,1.0,0.1304964482806655,1.0,1.0,1.0,1.0,1.0,1.0,,,,,,1.0,0.9999999999999999,0.01732351392822049,1.0,1.0,1.0,1.0
task_b_field_effect,0,0,nested_selected_policy,5,118,30,raw_cel_rma,1.0,1.0,1.0,0.1575818592428124,1.0,1.0,1.0,1.0,1.0,1.0,,,,,,1.0,0.9999999999999999,0.02409871941284567,1.0,1.0,1.0,1.0
task_b_field_effect,0,1,3,3,118,30,raw_cel_rma,1.0,1.0,1.0,0.20035188605097096,1.0,1.0,1.0,1.0,1.0,1.0,,,,,,1.0,0.9999999999999999,0.037507873778725664,1.0,1.0,1.0,1.0
task_b_field_effect,0,1,5,5,118,30,raw_cel_rma,1.0,1.0,1.0,0.18703437369310683,1.0,1.0,1.0,1.0,1.0,1.0,,,,,,1.0,0.9999999999999999,0.033429225610700976,1.0,1.0,1.0,1.0
task_b_field_effect,0,1,10,10,118,30,raw_cel_rma,1.0,1.0,1.0,0.18235257633401744,1.0,1.0,1.0,1.0,1.0,1.0,,,,,,1.0,0.9999999999999999,0.0317451706441851,1.0,1.0,1.0,1.0
task_b_field_effect,0,1,15,15,118,30,raw_cel_rma,1.0,1.0,1.0,0.17958164749254876,1.0,1.0,1.0,1.0,1.0,1.0,,,,,,1.0,0.9999999999999999,0.03074482149167524,1.0,1.0,1.0,1.0
task_b_field_effect,0,1,20,19,118,30,raw_cel_rma,1.0,1.0,1.0,0.17953111051145182,1.0,1.0,1.0,1.0,1.0,1.0,,,,,,1.0,0.9999999999999999,0.030752086609390963,1.0,1.0,1.0,1.0
task_b_field_effect,0,1,full_nonzero,19,118,30,raw_cel_rma,1.0,1.0,1.0,0.17953111051145182,1.0,1.0,1.0,1.0,1.0,1.0,,,,,,1.0,0.9999999999999999,0.030752086609390963,1.0,1.0,1.0,1.0
task_b_field_effect,0,1,nested_selected_policy,3,118,30,raw_cel_rma,1.0,1.0,1.0,0.20035188605097096,1.0,1.0,1.0,1.0,1.0,1.0,,,,,,1.0,0.9999999999999999,0.037507873778725664,1.0,1.0,1.0,1.0
task_b_field_effect,0,2,3,3,119,29,raw_cel_rma,1.0,1.0,1.0,0.08920788433540303,1.0,1.0,1.0,1.0,1.0,1.0,,,,,,1.0,0.9999999999999999,0.012412015623830637,1.0,1.0,1.0,1.0
task_b_field_effect,0,2,5,5,119,29,raw_cel_rma,1.0,1.0,1.0,0.05481104439696011,1.0,1.0,1.0,1.0,1.0,1.0,,,,,,1.0,0.9999999999999999,0.004416027354892467,1.0,1.0,1.0,1.0
task_b_field_effect,0,2,10,10,119,29,raw_cel_rma,1.0,1.0,1.0,0.05779632418704522,1.0,1.0,1.0,1.0,1.0,1.0,,,,,,1.0,0.9999999999999999,0.005541800288259346,1.0,1.0,1.0,1.0
task_b_field_effect,0,2,15,15,119,29,raw_cel_rma,1.0,1.0,1.0,0.05278291674788127,1.0,1.0,1.0,1.0,1.0,1.0,,,,,,1.0,0.9999999999999999,0.004426126128825514,1.0,1.0,1.0,1.0
task_b_field_effect,0,2,20,20,119,29,raw_cel_rma,1.0,1.0,1.0,0.05221015018891122,1.0,1.0,1.0,1.0,1.0,1.0,,,,,,1.0,0.9999999999999999,0.004304834034567848,1.0,1.0,1.0,1.0
task_b_field_effect,0,2,full_nonzero,41,119,29,raw_cel_rma,1.0,1.0,1.0,0.04988367734963807,1.0,1.0,1.0,1.0,1.0,1.0,,,,,,1.0,0.9999999999999999,0.00390995715523772,1.0,1.0,1.0,1.0
task_b_field_effect,0,2,nested_selected_policy,3,119,29,raw_cel_rma,1.0,1.0,1.0,0.08920788433540303,1.0,1.0,1.0,1.0,1.0,1.0,,,,,,1.0,0.9999999999999999,0.012412015623830637,1.0,1.0,1.0,1.0
task_b_field_effect,0,3,3,3,119,29,raw_cel_rma,1.0,1.0,1.0,0.1710446579571029,1.0,1.0,1.0,1.0,1.0,1.0,,,,,,1.0,0.9999999999999999,0.02931808742325354,1.0,1.0,1.0,1.0
task_b_field_effect,0,3,5,5,119,29,raw_cel_rma,1.0,1.0,1.0,0.1304770388571987,1.0,1.0,1.0,1.0,1.0,1.0,,,,,,1.0,0.9999999999999999,0.017145644635752823,1.0,1.0,1.0,1.0
task_b_field_effect,0,3,10,10,119,29,raw_cel_rma,1.0,1.0,1.0,0.11422625132451325,1.0,1.0,1.0,1.0,1.0,1.0,,,,,,1.0,0.9999999999999999,0.016446179672025066,1.0,1.0,1.0,1.0
task_b_field_effect,0,3,15,15,119,29,raw_cel_rma,0.9626769626769627,0.9658722762171038,0.9736842105263157,0.11179445085641665,1.0,0.9473684210526315,0.972972972972973,0.9090909090909091,1.0,0.9523809523809523,,,,,,1.0,0.9999999999999999,0.02028873003637695,1.0,0.9473684210526315,1.0,0.9090909090909091
task_b_field_effect,0,3,20,20,119,29,raw_cel_rma,0.9626769626769627,0.9658722762171038,0.9736842105263157,0.10911869793482293,1.0,0.9473684210526315,0.972972972972973,0.9090909090909091,1.0,0.9523809523809523,,,,,,1.0,0.9999999999999999,0.02114250317150015,1.0,0.9473684210526315,1.0,0.9090909090909091
task_b_field_effect,0,3,full_nonzero,20,119,29,raw_cel_rma,0.9626769626769627,0.9658722762171038,0.9736842105263157,0.10911869793482293,1.0,0.9473684210526315,0.972972972972973,0.9090909090909091,1.0,0.9523809523809523,,,,,,1.0,0.9999999999999999,0.02114250317150015,1.0,0.9473684210526315,1.0,0.9090909090909091
task_b_field_effect,0,3,nested_selected_policy,5,119,29,raw_cel_rma,1.0,1.0,1.0,0.1304770388571987,1.0,1.0,1.0,1.0,1.0,1.0,,,,,,1.0,0.9999999999999999,0.017145644635752823,1.0,1.0,1.0,1.0
task_b_field_effect,0,4,3,3,118,30,raw_cel_rma,1.0,1.0,1.0,0.1914211027266832,1.0,1.0,1.0,1.0,1.0,1.0,,,,,,1.0,0.9999999999999999,0.03585148974380625,1.0,1.0,1.0,1.0
task_b_field_effect,0,4,5,5,118,30,raw_cel_rma,1.0,1.0,1.0,0.13542671152831257,1.0,1.0,1.0,1.0,1.0,1.0,,,,,,1.0,0.9999999999999999,0.01958122697645173,1.0,1.0,1.0,1.0
task_b_field_effect,0,4,10,10,118,30,raw_cel_rma,1.0,1.0,1.0,0.09917186857569088,1.0,1.0,1.0,1.0,1.0,1.0,,,,,,1.0,0.9999999999999999,0.011348951404288411,1.0,1.0,1.0,1.0
task_b_field_effect,0,4,15,15,118,30,raw_cel_rma,1.0,1.0,1.0,0.08955278858957236,1.0,1.0,1.0,1.0,1.0,1.0,,,,,,1.0,0.9999999999999999,0.009921563934796635,1.0,1.0,1.0,1.0
task_b_field_effect,0,4,20,20,118,30,raw_cel_rma,1.0,1.0,1.0,0.08507799233652134,1.0,1.0,1.0,1.0,1.0,1.0,,,,,,1.0,0.9999999999999999,0.00952058109313445,1.0,1.0,1.0,1.0
task_b_field_effect,0,4,full_nonzero,20,118,30,raw_cel_rma,1.0,1.0,1.0,0.08507799233652134,1.0,1.0,1.0,1.0,1.0,1.0,,,,,,1.0,0.9999999999999999,0.00952058109313445,1.0,1.0,1.0,1.0
task_b_field_effect,0,4,nested_selected_policy,5,118,30,raw_cel_rma,1.0,1.0,1.0,0.13542671152831257,1.0,1.0,1.0,1.0,1.0,1.0,,,,,,1.0,0.9999999999999999,0.01958122697645173,1.0,1.0,1.0,1.0
task_b_field_effect,1,0,3,3,118,30,raw_cel_rma,1.0,1.0,1.0,0.22552349149465323,1.0,1.0,1.0,1.0,1.0,1.0,,,,,,1.0,0.9999999999999999,0.04556272689493654,1.0,1.0,1.0,1.0
task_b_field_effect,1,0,5,5,118,30,raw_cel_rma,1.0,1.0,1.0,0.1932368915055723,1.0,1.0,1.0,1.0,1.0,1.0,,,,,,1.0,0.9999999999999999,0.036812975748192305,1.0,1.0,1.0,1.0
task_b_field_effect,1,0,10,10,118,30,raw_cel_rma,1.0,1.0,1.0,0.1672376113062986,1.0,1.0,1.0,1.0,1.0,1.0,,,,,,1.0,0.9999999999999999,0.028522840876803526,1.0,1.0,1.0,1.0
task_b_field_effect,1,0,15,15,118,30,raw_cel_rma,1.0,1.0,1.0,0.1508092873919912,1.0,1.0,1.0,1.0,1.0,1.0,,,,,,1.0,0.9999999999999999,0.023378209639780472,1.0,1.0,1.0,1.0
task_b_field_effect,1,0,20,20,118,30,raw_cel_rma,1.0,1.0,1.0,0.14878914428823192,1.0,1.0,1.0,1.0,1.0,1.0,,,,,,1.0,0.9999999999999999,0.023013868705968964,1.0,1.0,1.0,1.0
task_b_field_effect,1,0,full_nonzero,20,118,30,raw_cel_rma,1.0,1.0,1.0,0.14878914428823192,1.0,1.0,1.0,1.0,1.0,1.0,,,,,,1.0,0.9999999999999999,0.023013868705968964,1.0,1.0,1.0,1.0
task_b_field_effect,1,0,nested_selected_policy,3,118,30,raw_cel_rma,1.0,1.0,1.0,0.22552349149465323,1.0,1.0,1.0,1.0,1.0,1.0,,,,,,1.0,0.9999999999999999,0.04556272689493654,1.0,1.0,1.0,1.0
task_b_field_effect,1,1,3,3,118,30,raw_cel_rma,1.0,1.0,1.0,0.1776386284809767,1.0,1.0,1.0,1.0,1.0,1.0,,,,,,1.0,0.9999999999999999,0.031047073282047918,1.0,1.0,1.0,1.0
task_b_field_effect,1,1,5,5,118,30,raw_cel_rma,1.0,1.0,1.0,0.14480940791851973,1.0,1.0,1.0,1.0,1.0,1.0,,,,,,1.0,0.9999999999999999,0.022012476803179352,1.0,1.0,1.0,1.0
task_b_field_effect,1,1,10,10,118,30,raw_cel_rma,1.0,1.0,1.0,0.11825133213646094,1.0,1.0,1.0,1.0,1.0,1.0,,,,,,1.0,0.9999999999999999,0.01563335857348007,1.0,1.0,1.0,1.0
task_b_field_effect,1,1,15,15,118,30,raw_cel_rma,1.0,1.0,1.0,0.10776111562292899,1.0,1.0,1.0,1.0,1.0,1.0,,,,,,1.0,0.9999999999999999,0.01461228631378896,1.0,1.0,1.0,1.0
task_b_field_effect,1,1,20,20,118,30,raw_cel_rma,1.0,1.0,1.0,0.10819074166867623,1.0,1.0,1.0,1.0,1.0,1.0,,,,,,1.0,0.9999999999999999,0.01633062373901663,1.0,1.0,1.0,1.0
task_b_field_effect,1,1,full_nonzero,20,118,30,raw_cel_rma,1.0,1.0,1.0,0.10819074166867623,1.0,1.0,1.0,1.0,1.0,1.0,,,,,,1.0,0.9999999999999999,0.01633062373901663,1.0,1.0,1.0,1.0
task_b_field_effect,1,1,nested_selected_policy,5,118,30,raw_cel_rma,1.0,1.0,1.0,0.14480940791851973,1.0,1.0,1.0,1.0,1.0,1.0,,,,,,1.0,0.9999999999999999,0.022012476803179352,1.0,1.0,1.0,1.0
task_b_field_effect,1,2,3,3,118,30,raw_cel_rma,1.0,1.0,1.0,0.16974303772128957,1.0,1.0,1.0,1.0,1.0,1.0,,,,,,1.0,0.9999999999999999,0.030095812512999753,1.0,1.0,1.0,1.0
task_b_field_effect,1,2,5,5,118,30,raw_cel_rma,1.0,1.0,1.0,0.12449138763834197,1.0,1.0,1.0,1.0,1.0,1.0,,,,,,1.0,0.9999999999999999,0.01725856599297396,1.0,1.0,1.0,1.0
task_b_field_effect,1,2,10,10,118,30,raw_cel_rma,1.0,1.0,1.0,0.09894591339370384,1.0,1.0,1.0,1.0,1.0,1.0,,,,,,1.0,0.9999999999999999,0.014635349063399892,1.0,1.0,1.0,1.0
task_b_field_effect,1,2,15,15,118,30,raw_cel_rma,0.9633699633699633,0.9670329670329669,0.975,0.09706431246989182,1.0,0.95,0.9743589743589743,0.9090909090909091,1.0,0.9523809523809523,,,,,,1.0,0.9999999999999999,0.018968172001205826,1.0,0.95,1.0,0.9090909090909091
task_b_field_effect,1,2,20,20,118,30,raw_cel_rma,0.9633699633699633,0.9670329670329669,0.975,0.09887265825114304,1.0,0.95,0.9743589743589743,0.9090909090909091,1.0,0.9523809523809523,,,,,,1.0,0.9999999999999999,0.021538320677035434,1.0,0.95,1.0,0.9090909090909091
task_b_field_effect,1,2,full_nonzero,20,118,30,raw_cel_rma,0.9633699633699633,0.9670329670329669,0.975,0.09887265825114304,1.0,0.95,0.9743589743589743,0.9090909090909091,1.0,0.9523809523809523,,,,,,1.0,0.9999999999999999,0.021538320677035434,1.0,0.95,1.0,0.9090909090909091
task_b_field_effect,1,2,nested_selected_policy,5,118,30,raw_cel_rma,1.0,1.0,1.0,0.12449138763834197,1.0,1.0,1.0,1.0,1.0,1.0,,,,,,1.0,0.9999999999999999,0.01725856599297396,1.0,1.0,1.0,1.0
task_b_field_effect,1,3,3,3,119,29,raw_cel_rma,1.0,1.0,1.0,0.2074659338817831,1.0,1.0,1.0,1.0,1.0,1.0,,,,,,1.0,0.9999999999999999,0.04174128481101571,1.0,1.0,1.0,1.0
task_b_field_effect,1,3,5,5,119,29,raw_cel_rma,1.0,1.0,1.0,0.1699085198540102,1.0,1.0,1.0,1.0,1.0,1.0,,,,,,1.0,0.9999999999999999,0.028266279765712273,1.0,1.0,1.0,1.0
task_b_field_effect,1,3,10,10,119,29,raw_cel_rma,1.0,1.0,1.0,0.133809082662334,1.0,1.0,1.0,1.0,1.0,1.0,,,,,,1.0,0.9999999999999999,0.019598373717283752,1.0,1.0,1.0,1.0
task_b_field_effect,1,3,15,15,119,29,raw_cel_rma,1.0,1.0,1.0,0.13353323352421992,1.0,1.0,1.0,1.0,1.0,1.0,,,,,,1.0,0.9999999999999999,0.019816106669975783,1.0,1.0,1.0,1.0
task_b_field_effect,1,3,20,20,119,29,raw_cel_rma,1.0,1.0,1.0,0.1313030515025835,1.0,1.0,1.0,1.0,1.0,1.0,,,,,,1.0,0.9999999999999999,0.019093136598809957,1.0,1.0,1.0,1.0
task_b_field_effect,1,3,full_nonzero,40,119,29,raw_cel_rma,1.0,1.0,1.0,0.12749260746020658,1.0,1.0,1.0,1.0,1.0,1.0,,,,,,1.0,0.9999999999999999,0.018003805263650287,1.0,1.0,1.0,1.0
task_b_field_effect,1,3,nested_selected_policy,3,119,29,raw_cel_rma,1.0,1.0,1.0,0.2074659338817831,1.0,1.0,1.0,1.0,1.0,1.0,,,,,,1.0,0.9999999999999999,0.04174128481101571,1.0,1.0,1.0,1.0
task_b_field_effect,1,4,3,3,119,29,raw_cel_rma,1.0,1.0,1.0,0.21757046627424467,1.0,1.0,1.0,1.0,1.0,1.0,,,,,,1.0,0.9999999999999999,0.041727852106858775,1.0,1.0,1.0,1.0
task_b_field_effect,1,4,5,5,119,29,raw_cel_rma,1.0,1.0,1.0,0.20390888564609144,1.0,1.0,1.0,1.0,1.0,1.0,,,,,,1.0,0.9999999999999999,0.03652672092919519,1.0,1.0,1.0,1.0
task_b_field_effect,1,4,10,10,119,29,raw_cel_rma,1.0,1.0,1.0,0.19167976446498444,1.0,1.0,1.0,1.0,1.0,1.0,,,,,,1.0,0.9999999999999999,0.032174902046596614,1.0,1.0,1.0,1.0
task_b_field_effect,1,4,15,15,119,29,raw_cel_rma,1.0,1.0,1.0,0.18906137197125997,1.0,1.0,1.0,1.0,1.0,1.0,,,,,,1.0,0.9999999999999999,0.031426206485678974,1.0,1.0,1.0,1.0
task_b_field_effect,1,4,20,17,119,29,raw_cel_rma,1.0,1.0,1.0,0.18835303181670998,1.0,1.0,1.0,1.0,1.0,1.0,,,,,,1.0,0.9999999999999999,0.031257565283126704,1.0,1.0,1.0,1.0
task_b_field_effect,1,4,full_nonzero,17,119,29,raw_cel_rma,1.0,1.0,1.0,0.18835303181670998,1.0,1.0,1.0,1.0,1.0,1.0,,,,,,1.0,0.9999999999999999,0.031257565283126704,1.0,1.0,1.0,1.0
task_b_field_effect,1,4,nested_selected_policy,3,119,29,raw_cel_rma,1.0,1.0,1.0,0.21757046627424467,1.0,1.0,1.0,1.0,1.0,1.0,,,,,,1.0,0.9999999999999999,0.041727852106858775,1.0,1.0,1.0,1.0
task_b_field_effect,2,0,3,3,118,30,raw_cel_rma,1.0,1.0,1.0,0.19711812091937853,1.0,1.0,1.0,1.0,1.0,1.0,,,,,,1.0,0.9999999999999999,0.03623484966949427,1.0,1.0,1.0,1.0
task_b_field_effect,2,0,5,5,118,30,raw_cel_rma,1.0,1.0,1.0,0.1656362609809772,1.0,1.0,1.0,1.0,1.0,1.0,,,,,,1.0,0.9999999999999999,0.02686955323623128,1.0,1.0,1.0,1.0
task_b_field_effect,2,0,10,10,118,30,raw_cel_rma,1.0,1.0,1.0,0.1406066029738609,1.0,1.0,1.0,1.0,1.0,1.0,,,,,,1.0,0.9999999999999999,0.019967032545930588,1.0,1.0,1.0,1.0
task_b_field_effect,2,0,15,15,118,30,raw_cel_rma,1.0,1.0,1.0,0.1402037201489261,1.0,1.0,1.0,1.0,1.0,1.0,,,,,,1.0,0.9999999999999999,0.019964031104236883,1.0,1.0,1.0,1.0
task_b_field_effect,2,0,20,20,118,30,raw_cel_rma,1.0,1.0,1.0,0.13673994292921482,1.0,1.0,1.0,1.0,1.0,1.0,,,,,,1.0,0.9999999999999999,0.01911127902400243,1.0,1.0,1.0,1.0
task_b_field_effect,2,0,full_nonzero,41,118,30,raw_cel_rma,1.0,1.0,1.0,0.13098400848553776,1.0,1.0,1.0,1.0,1.0,1.0,,,,,,1.0,0.9999999999999999,0.01783220628423844,1.0,1.0,1.0,1.0
task_b_field_effect,2,0,nested_selected_policy,3,118,30,raw_cel_rma,1.0,1.0,1.0,0.19711812091937853,1.0,1.0,1.0,1.0,1.0,1.0,,,,,,1.0,0.9999999999999999,0.03623484966949427,1.0,1.0,1.0,1.0
task_b_field_effect,2,1,3,3,118,30,raw_cel_rma,0.9614890885750962,0.9661959777492511,0.95,0.18702581561192014,0.9523809523809523,1.0,0.975609756097561,1.0,0.9,0.9473684210526315,,,,,,1.0,0.9999999999999999,0.03744162673998035,0.9,1.0,0.9523809523809523,1.0
task_b_field_effect,2,1,5,5,118,30,raw_cel_rma,1.0,1.0,1.0,0.14492300478717562,1.0,1.0,1.0,1.0,1.0,1.0,,,,,,1.0,0.9999999999999999,0.024400884490498823,1.0,1.0,1.0,1.0
task_b_field_effect,2,1,10,10,118,30,raw_cel_rma,1.0,1.0,1.0,0.11736271811932622,1.0,1.0,1.0,1.0,1.0,1.0,,,,,,1.0,0.9999999999999999,0.02069899049709799,1.0,1.0,1.0,1.0
task_b_field_effect,2,1,15,15,118,30,raw_cel_rma,0.9633699633699633,0.9670329670329669,0.975,0.11571602597675633,1.0,0.95,0.9743589743589743,0.9090909090909091,1.0,0.9523809523809523,,,,,,1.0,0.9999999999999999,0.023419495118514252,1.0,0.95,1.0,0.9090909090909091
task_b_field_effect,2,1,20,20,118,30,raw_cel_rma,0.9633699633699633,0.9670329670329669,0.975,0.11973033625283881,1.0,0.95,0.9743589743589743,0.9090909090909091,1.0,0.9523809523809523,,,,,,1.0,0.9999999999999999,0.02649672393280315,1.0,0.95,1.0,0.9090909090909091
task_b_field_effect,2,1,full_nonzero,20,118,30,raw_cel_rma,0.9633699633699633,0.9670329670329669,0.975,0.11973033625283881,1.0,0.95,0.9743589743589743,0.9090909090909091,1.0,0.9523809523809523,,,,,,1.0,0.9999999999999999,0.02649672393280315,1.0,0.95,1.0,0.9090909090909091
task_b_field_effect,2,1,nested_selected_policy,5,118,30,raw_cel_rma,1.0,1.0,1.0,0.14492300478717562,1.0,1.0,1.0,1.0,1.0,1.0,,,,,,1.0,0.9999999999999999,0.024400884490498823,1.0,1.0,1.0,1.0
task_b_field_effect,2,2,3,3,118,30,raw_cel_rma,1.0,1.0,1.0,0.2150379509554178,1.0,1.0,1.0,1.0,1.0,1.0,,,,,,1.0,0.9999999999999999,0.04539013651846406,1.0,1.0,1.0,1.0
task_b_field_effect,2,2,5,5,118,30,raw_cel_rma,1.0,1.0,1.0,0.1832999448277924,1.0,1.0,1.0,1.0,1.0,1.0,,,,,,1.0,0.9999999999999999,0.0341503545475307,1.0,1.0,1.0,1.0
task_b_field_effect,2,2,10,10,118,30,raw_cel_rma,1.0,1.0,1.0,0.16396239407828406,1.0,1.0,1.0,1.0,1.0,1.0,,,,,,1.0,0.9999999999999999,0.0275664070216244,1.0,1.0,1.0,1.0
task_b_field_effect,2,2,15,15,118,30,raw_cel_rma,1.0,1.0,1.0,0.15996613955239675,1.0,1.0,1.0,1.0,1.0,1.0,,,,,,1.0,0.9999999999999999,0.02598617645787808,1.0,1.0,1.0,1.0
task_b_field_effect,2,2,20,20,118,30,raw_cel_rma,1.0,1.0,1.0,0.16138693599697523,1.0,1.0,1.0,1.0,1.0,1.0,,,,,,1.0,0.9999999999999999,0.026341995516351364,1.0,1.0,1.0,1.0
task_b_field_effect,2,2,full_nonzero,38,118,30,raw_cel_rma,1.0,1.0,1.0,0.15898174586149844,1.0,1.0,1.0,1.0,1.0,1.0,,,,,,1.0,0.9999999999999999,0.025291898479925863,1.0,1.0,1.0,1.0
task_b_field_effect,2,2,nested_selected_policy,5,118,30,raw_cel_rma,1.0,1.0,1.0,0.1832999448277924,1.0,1.0,1.0,1.0,1.0,1.0,,,,,,1.0,0.9999999999999999,0.0341503545475307,1.0,1.0,1.0,1.0
task_b_field_effect,2,3,3,3,119,29,raw_cel_rma,1.0,1.0,1.0,0.17724641535475982,1.0,1.0,1.0,1.0,1.0,1.0,,,,,,1.0,0.9999999999999999,0.029301860246914172,1.0,1.0,1.0,1.0
task_b_field_effect,2,3,5,5,119,29,raw_cel_rma,1.0,1.0,1.0,0.13195620368590272,1.0,1.0,1.0,1.0,1.0,1.0,,,,,,1.0,0.9999999999999999,0.017729217572036802,1.0,1.0,1.0,1.0
task_b_field_effect,2,3,10,10,119,29,raw_cel_rma,1.0,1.0,1.0,0.096977390448594,1.0,1.0,1.0,1.0,1.0,1.0,,,,,,1.0,0.9999999999999999,0.011143904315181844,1.0,1.0,1.0,1.0
task_b_field_effect,2,3,15,15,119,29,raw_cel_rma,1.0,1.0,1.0,0.08470301618207098,1.0,1.0,1.0,1.0,1.0,1.0,,,,,,1.0,0.9999999999999999,0.009660844405710776,1.0,1.0,1.0,1.0
task_b_field_effect,2,3,20,20,119,29,raw_cel_rma,1.0,1.0,1.0,0.08697939738335751,1.0,1.0,1.0,1.0,1.0,1.0,,,,,,1.0,0.9999999999999999,0.011336248203664166,1.0,1.0,1.0,1.0
task_b_field_effect,2,3,full_nonzero,20,119,29,raw_cel_rma,1.0,1.0,1.0,0.08697939738335751,1.0,1.0,1.0,1.0,1.0,1.0,,,,,,1.0,0.9999999999999999,0.011336248203664166,1.0,1.0,1.0,1.0
task_b_field_effect,2,3,nested_selected_policy,5,119,29,raw_cel_rma,1.0,1.0,1.0,0.13195620368590272,1.0,1.0,1.0,1.0,1.0,1.0,,,,,,1.0,0.9999999999999999,0.017729217572036802,1.0,1.0,1.0,1.0
task_b_field_effect,2,4,3,3,119,29,raw_cel_rma,1.0,1.0,1.0,0.1988764519393045,1.0,1.0,1.0,1.0,1.0,1.0,,,,,,1.0,0.9999999999999999,0.034922952797655664,1.0,1.0,1.0,1.0
task_b_field_effect,2,4,5,5,119,29,raw_cel_rma,1.0,1.0,1.0,0.1806092131214166,1.0,1.0,1.0,1.0,1.0,1.0,,,,,,1.0,0.9999999999999999,0.02948949072219083,1.0,1.0,1.0,1.0
task_b_field_effect,2,4,10,10,119,29,raw_cel_rma,1.0,1.0,1.0,0.17036998527057415,1.0,1.0,1.0,1.0,1.0,1.0,,,,,,1.0,0.9999999999999999,0.02625556908190805,1.0,1.0,1.0,1.0
task_b_field_effect,2,4,15,12,119,29,raw_cel_rma,1.0,1.0,1.0,0.1707994990032007,1.0,1.0,1.0,1.0,1.0,1.0,,,,,,1.0,0.9999999999999999,0.026396775343463588,1.0,1.0,1.0,1.0
task_b_field_effect,2,4,20,12,119,29,raw_cel_rma,1.0,1.0,1.0,0.1707994990032007,1.0,1.0,1.0,1.0,1.0,1.0,,,,,,1.0,0.9999999999999999,0.026396775343463588,1.0,1.0,1.0,1.0
task_b_field_effect,2,4,full_nonzero,12,119,29,raw_cel_rma,1.0,1.0,1.0,0.1707994990032007,1.0,1.0,1.0,1.0,1.0,1.0,,,,,,1.0,0.9999999999999999,0.026396775343463588,1.0,1.0,1.0,1.0
task_b_field_effect,2,4,nested_selected_policy,3,119,29,raw_cel_rma,1.0,1.0,1.0,0.1988764519393045,1.0,1.0,1.0,1.0,1.0,1.0,,,,,,1.0,0.9999999999999999,0.034922952797655664,1.0,1.0,1.0,1.0
task_c_tumor_vs_adjacent,0,0,3,3,156,40,raw_cel_rma,1.0,1.0,1.0,0.1406974325738187,1.0,1.0,1.0,,,,1.0,1.0,1.0,,,1.0,1.0,0.02057898865439175,1.0,1.0,1.0,1.0
task_c_tumor_vs_adjacent,0,0,5,5,156,40,raw_cel_rma,1.0,1.0,1.0,0.09551125070693786,1.0,1.0,1.0,,,,1.0,1.0,1.0,,,1.0,1.0,0.00939777239193255,1.0,1.0,1.0,1.0
task_c_tumor_vs_adjacent,0,0,10,10,156,40,raw_cel_rma,1.0,1.0,1.0,0.07491483351262615,1.0,1.0,1.0,,,,1.0,1.0,1.0,,,1.0,1.0,0.006713317616288519,1.0,1.0,1.0,1.0
task_c_tumor_vs_adjacent,0,0,15,15,156,40,raw_cel_rma,1.0,1.0,1.0,0.06882013045500747,1.0,1.0,1.0,,,,1.0,1.0,1.0,,,1.0,1.0,0.007041482536990376,1.0,1.0,1.0,1.0
task_c_tumor_vs_adjacent,0,0,20,20,156,40,raw_cel_rma,1.0,1.0,1.0,0.06801946321084748,1.0,1.0,1.0,,,,1.0,1.0,1.0,,,1.0,1.0,0.008442138637338246,1.0,1.0,1.0,1.0
task_c_tumor_vs_adjacent,0,0,full_nonzero,20,156,40,raw_cel_rma,1.0,1.0,1.0,0.06801946321084748,1.0,1.0,1.0,,,,1.0,1.0,1.0,,,1.0,1.0,0.008442138637338246,1.0,1.0,1.0,1.0
task_c_tumor_vs_adjacent,0,0,nested_selected_policy,5,156,40,raw_cel_rma,1.0,1.0,1.0,0.09551125070693786,1.0,1.0,1.0,,,,1.0,1.0,1.0,,,1.0,1.0,0.00939777239193255,1.0,1.0,1.0,1.0
task_c_tumor_vs_adjacent,0,1,3,3,156,40,raw_cel_rma,1.0,1.0,1.0,0.13887542025254543,1.0,1.0,1.0,,,,1.0,1.0,1.0,,,1.0,1.0,0.021954984465650102,1.0,1.0,1.0,1.0
task_c_tumor_vs_adjacent,0,1,5,5,156,40,raw_cel_rma,1.0,1.0,1.0,0.10269758664824669,1.0,1.0,1.0,,,,1.0,1.0,1.0,,,1.0,1.0,0.0117724248879237,1.0,1.0,1.0,1.0
task_c_tumor_vs_adjacent,0,1,10,10,156,40,raw_cel_rma,1.0,1.0,1.0,0.07193754547004146,1.0,1.0,1.0,,,,1.0,1.0,1.0,,,1.0,1.0,0.006506394244497194,1.0,1.0,1.0,1.0
task_c_tumor_vs_adjacent,0,1,15,15,156,40,raw_cel_rma,1.0,1.0,1.0,0.061758828978100956,1.0,1.0,1.0,,,,1.0,1.0,1.0,,,1.0,1.0,0.0054107223450439645,1.0,1.0,1.0,1.0
task_c_tumor_vs_adjacent,0,1,20,20,156,40,raw_cel_rma,1.0,1.0,1.0,0.05769522575294378,1.0,1.0,1.0,,,,1.0,1.0,1.0,,,1.0,1.0,0.00520441745197026,1.0,1.0,1.0,1.0
task_c_tumor_vs_adjacent,0,1,full_nonzero,20,156,40,raw_cel_rma,1.0,1.0,1.0,0.05769522575294378,1.0,1.0,1.0,,,,1.0,1.0,1.0,,,1.0,1.0,0.00520441745197026,1.0,1.0,1.0,1.0
task_c_tumor_vs_adjacent,0,1,nested_selected_policy,5,156,40,raw_cel_rma,1.0,1.0,1.0,0.10269758664824669,1.0,1.0,1.0,,,,1.0,1.0,1.0,,,1.0,1.0,0.0117724248879237,1.0,1.0,1.0,1.0
task_c_tumor_vs_adjacent,0,2,3,3,156,40,raw_cel_rma,1.0,1.0,1.0,0.149525163169821,1.0,1.0,1.0,,,,1.0,1.0,1.0,,,1.0,1.0,0.02191280556802057,1.0,1.0,1.0,1.0
task_c_tumor_vs_adjacent,0,2,5,5,156,40,raw_cel_rma,1.0,1.0,1.0,0.1446197359410919,1.0,1.0,1.0,,,,1.0,1.0,1.0,,,1.0,1.0,0.02069496670605504,1.0,1.0,1.0,1.0
task_c_tumor_vs_adjacent,0,2,10,10,156,40,raw_cel_rma,1.0,1.0,1.0,0.12632869535152283,1.0,1.0,1.0,,,,1.0,1.0,1.0,,,1.0,1.0,0.015278477072654414,1.0,1.0,1.0,1.0
task_c_tumor_vs_adjacent,0,2,15,15,156,40,raw_cel_rma,1.0,1.0,1.0,0.12387243942062734,1.0,1.0,1.0,,,,1.0,1.0,1.0,,,1.0,1.0,0.014699130698870591,1.0,1.0,1.0,1.0
task_c_tumor_vs_adjacent,0,2,20,18,156,40,raw_cel_rma,1.0,1.0,1.0,0.12344453008148201,1.0,1.0,1.0,,,,1.0,1.0,1.0,,,1.0,1.0,0.014604707789770471,1.0,1.0,1.0,1.0
task_c_tumor_vs_adjacent,0,2,full_nonzero,18,156,40,raw_cel_rma,1.0,1.0,1.0,0.12344453008148201,1.0,1.0,1.0,,,,1.0,1.0,1.0,,,1.0,1.0,0.014604707789770471,1.0,1.0,1.0,1.0
task_c_tumor_vs_adjacent,0,2,nested_selected_policy,3,156,40,raw_cel_rma,1.0,1.0,1.0,0.149525163169821,1.0,1.0,1.0,,,,1.0,1.0,1.0,,,1.0,1.0,0.02191280556802057,1.0,1.0,1.0,1.0
task_c_tumor_vs_adjacent,0,3,3,3,158,38,raw_cel_rma,0.9736659736659736,0.9736659736659735,0.9736842105263157,0.07427181208968496,1.0,0.9473684210526315,0.972972972972973,,,,0.95,1.0,0.9743589743589743,,,1.0,0.9999999999999998,0.011971730559016354,1.0,0.9473684210526315,1.0,0.95
task_c_tumor_vs_adjacent,0,3,5,5,158,38,raw_cel_rma,1.0,1.0,1.0,0.048738817315729176,1.0,1.0,1.0,,,,1.0,1.0,1.0,,,1.0,0.9999999999999998,0.005472320246711917,1.0,1.0,1.0,1.0
task_c_tumor_vs_adjacent,0,3,10,10,158,38,raw_cel_rma,1.0,1.0,1.0,0.031149133808667146,1.0,1.0,1.0,,,,1.0,1.0,1.0,,,1.0,0.9999999999999998,0.0035709438512678974,1.0,1.0,1.0,1.0
task_c_tumor_vs_adjacent,0,3,15,15,158,38,raw_cel_rma,1.0,1.0,1.0,0.026525247244244123,1.0,1.0,1.0,,,,1.0,1.0,1.0,,,1.0,0.9999999999999998,0.003043147153739898,1.0,1.0,1.0,1.0
task_c_tumor_vs_adjacent,0,3,20,20,158,38,raw_cel_rma,1.0,1.0,1.0,0.025217754633697326,1.0,1.0,1.0,,,,1.0,1.0,1.0,,,1.0,0.9999999999999998,0.0029103134938734876,1.0,1.0,1.0,1.0
task_c_tumor_vs_adjacent,0,3,full_nonzero,20,158,38,raw_cel_rma,1.0,1.0,1.0,0.025217754633697326,1.0,1.0,1.0,,,,1.0,1.0,1.0,,,1.0,0.9999999999999998,0.0029103134938734876,1.0,1.0,1.0,1.0
task_c_tumor_vs_adjacent,0,3,nested_selected_policy,3,158,38,raw_cel_rma,0.9736659736659736,0.9736659736659735,0.9736842105263157,0.07427181208968496,1.0,0.9473684210526315,0.972972972972973,,,,0.95,1.0,0.9743589743589743,,,1.0,0.9999999999999998,0.011971730559016354,1.0,0.9473684210526315,1.0,0.95
task_c_tumor_vs_adjacent,0,4,3,3,158,38,raw_cel_rma,0.9736659736659736,0.9736659736659735,0.9736842105263157,0.20586179441012176,0.95,1.0,0.9743589743589743,,,,1.0,0.9473684210526315,0.972972972972973,,,0.9501385041551246,0.9743954480796584,0.04437606528461052,0.9473684210526315,1.0,0.95,1.0
task_c_tumor_vs_adjacent,0,4,5,5,158,38,raw_cel_rma,0.9736659736659736,0.9736659736659735,0.9736842105263157,0.19627240980914487,0.95,1.0,0.9743589743589743,,,,1.0,0.9473684210526315,0.972972972972973,,,0.9529085872576177,0.9751461988304091,0.04072944053133208,0.9473684210526315,1.0,0.95,1.0
task_c_tumor_vs_adjacent,0,4,10,10,158,38,raw_cel_rma,0.9736659736659736,0.9736659736659735,0.9736842105263157,0.15983346059879558,0.95,1.0,0.9743589743589743,,,,1.0,0.9473684210526315,0.972972972972973,,,0.9889196675900277,0.9908466819221964,0.035884100798264276,0.9473684210526315,1.0,0.95,1.0
task_c_tumor_vs_adjacent,0,4,15,15,158,38,raw_cel_rma,0.9736659736659736,0.9736659736659735,0.9736842105263157,0.13132765385543985,0.95,1.0,0.9743589743589743,,,,1.0,0.9473684210526315,0.972972972972973,,,1.0,0.9999999999999998,0.031875319467957276,0.9473684210526315,1.0,0.95,1.0
task_c_tumor_vs_adjacent,0,4,20,20,158,38,raw_cel_rma,0.9472222222222222,0.9472222222222221,0.9473684210526316,0.12113635230035666,0.9047619047619048,1.0,0.95,,,,1.0,0.8947368421052632,0.9444444444444444,,,1.0,0.9999999999999998,0.029920240175774857,0.8947368421052632,1.0,0.9047619047619048,1.0
task_c_tumor_vs_adjacent,0,4,full_nonzero,20,158,38,raw_cel_rma,0.9472222222222222,0.9472222222222221,0.9473684210526316,0.12113635230035666,0.9047619047619048,1.0,0.95,,,,1.0,0.8947368421052632,0.9444444444444444,,,1.0,0.9999999999999998,0.029920240175774857,0.8947368421052632,1.0,0.9047619047619048,1.0
task_c_tumor_vs_adjacent,0,4,nested_selected_policy,5,158,38,raw_cel_rma,0.9736659736659736,0.9736659736659735,0.9736842105263157,0.19627240980914487,0.95,1.0,0.9743589743589743,,,,1.0,0.9473684210526315,0.972972972972973,,,0.9529085872576177,0.9751461988304091,0.04072944053133208,0.9473684210526315,1.0,0.95,1.0
task_c_tumor_vs_adjacent,1,0,3,3,156,40,raw_cel_rma,0.9749843652282677,0.9749843652282676,0.975,0.18060441761523355,1.0,0.95,0.9743589743589743,,,,0.9523809523809523,1.0,0.975609756097561,,,1.0,1.0,0.03444144500327549,1.0,0.95,1.0,0.9523809523809523
task_c_tumor_vs_adjacent,1,0,5,5,156,40,raw_cel_rma,1.0,1.0,1.0,0.12308344178394633,1.0,1.0,1.0,,,,1.0,1.0,1.0,,,1.0,1.0,0.01734146871666397,1.0,1.0,1.0,1.0
task_c_tumor_vs_adjacent,1,0,10,10,156,40,raw_cel_rma,1.0,1.0,1.0,0.0969349493004075,1.0,1.0,1.0,,,,1.0,1.0,1.0,,,1.0,1.0,0.01457364670987569,1.0,1.0,1.0,1.0
task_c_tumor_vs_adjacent,1,0,15,15,156,40,raw_cel_rma,0.9749843652282677,0.9749843652282676,0.975,0.08879052379368937,0.9523809523809523,1.0,0.975609756097561,,,,1.0,0.95,0.9743589743589743,,,1.0,1.0,0.015196127060140096,0.95,1.0,0.9523809523809523,1.0
task_c_tumor_vs_adjacent,1,0,20,20,156,40,raw_cel_rma,0.9749843652282677,0.9749843652282676,0.975,0.08474860032720813,0.9523809523809523,1.0,0.975609756097561,,,,1.0,0.95,0.9743589743589743,,,1.0,1.0,0.01552116245948255,0.95,1.0,0.9523809523809523,1.0
task_c_tumor_vs_adjacent,1,0,full_nonzero,20,156,40,raw_cel_rma,0.9749843652282677,0.9749843652282676,0.975,0.08474860032720813,0.9523809523809523,1.0,0.975609756097561,,,,1.0,0.95,0.9743589743589743,,,1.0,1.0,0.01552116245948255,0.95,1.0,0.9523809523809523,1.0
task_c_tumor_vs_adjacent,1,0,nested_selected_policy,3,156,40,raw_cel_rma,0.9749843652282677,0.9749843652282676,0.975,0.18060441761523355,1.0,0.95,0.9743589743589743,,,,0.9523809523809523,1.0,0.975609756097561,,,1.0,1.0,0.03444144500327549,1.0,0.95,1.0,0.9523809523809523
task_c_tumor_vs_adjacent,1,1,3,3,156,40,raw_cel_rma,0.949874686716792,0.949874686716792,0.95,0.23723525466698697,0.9090909090909091,1.0,0.9523809523809523,,,,1.0,0.9,0.9473684210526315,,,0.95,0.9749999999999999,0.055881341632105744,0.9,1.0,0.9090909090909091,1.0
task_c_tumor_vs_adjacent,1,1,5,5,156,40,raw_cel_rma,0.9749843652282677,0.9749843652282676,0.975,0.2079105654048295,0.9523809523809523,1.0,0.975609756097561,,,,1.0,0.95,0.9743589743589743,,,0.9674999999999999,0.9803030303030302,0.04401116467282094,0.95,1.0,0.9523809523809523,1.0
task_c_tumor_vs_adjacent,1,1,10,10,156,40,raw_cel_rma,0.9749843652282677,0.9749843652282676,0.975,0.17220183566120068,0.9523809523809523,1.0,0.975609756097561,,,,1.0,0.95,0.9743589743589743,,,0.995,0.9954545454545454,0.03302966599630522,0.95,1.0,0.9523809523809523,1.0
task_c_tumor_vs_adjacent,1,1,15,15,156,40,raw_cel_rma,0.9749843652282677,0.9749843652282676,0.975,0.17220659117847137,0.9523809523809523,1.0,0.975609756097561,,,,1.0,0.95,0.9743589743589743,,,0.995,0.9954545454545454,0.033425665285532195,0.95,1.0,0.9523809523809523,1.0
task_c_tumor_vs_adjacent,1,1,20,18,156,40,raw_cel_rma,0.9749843652282677,0.9749843652282676,0.975,0.17224049942515776,0.9523809523809523,1.0,0.975609756097561,,,,1.0,0.95,0.9743589743589743,,,0.995,0.9954545454545454,0.03340540517117842,0.95,1.0,0.9523809523809523,1.0
task_c_tumor_vs_adjacent,1,1,full_nonzero,18,156,40,raw_cel_rma,0.9749843652282677,0.9749843652282676,0.975,0.17224049942515776,0.9523809523809523,1.0,0.975609756097561,,,,1.0,0.95,0.9743589743589743,,,0.995,0.9954545454545454,0.03340540517117842,0.95,1.0,0.9523809523809523,1.0
task_c_tumor_vs_adjacent,1,1,nested_selected_policy,3,156,40,raw_cel_rma,0.949874686716792,0.949874686716792,0.95,0.23723525466698697,0.9090909090909091,1.0,0.9523809523809523,,,,1.0,0.9,0.9473684210526315,,,0.95,0.9749999999999999,0.055881341632105744,0.9,1.0,0.9090909090909091,1.0
task_c_tumor_vs_adjacent,1,2,3,3,156,40,raw_cel_rma,1.0,1.0,1.0,0.13052892746483266,1.0,1.0,1.0,,,,1.0,1.0,1.0,,,1.0,1.0,0.01848075700848112,1.0,1.0,1.0,1.0
task_c_tumor_vs_adjacent,1,2,5,5,156,40,raw_cel_rma,1.0,1.0,1.0,0.10232154776133866,1.0,1.0,1.0,,,,1.0,1.0,1.0,,,1.0,1.0,0.012272053850999696,1.0,1.0,1.0,1.0
task_c_tumor_vs_adjacent,1,2,10,10,156,40,raw_cel_rma,1.0,1.0,1.0,0.08273074423655868,1.0,1.0,1.0,,,,1.0,1.0,1.0,,,1.0,1.0,0.009783478622518445,1.0,1.0,1.0,1.0
task_c_tumor_vs_adjacent,1,2,15,15,156,40,raw_cel_rma,1.0,1.0,1.0,0.07033351132368452,1.0,1.0,1.0,,,,1.0,1.0,1.0,,,1.0,1.0,0.009200589942423714,1.0,1.0,1.0,1.0
task_c_tumor_vs_adjacent,1,2,20,20,156,40,raw_cel_rma,1.0,1.0,1.0,0.06586578361221829,1.0,1.0,1.0,,,,1.0,1.0,1.0,,,1.0,1.0,0.008447610247751909,1.0,1.0,1.0,1.0
task_c_tumor_vs_adjacent,1,2,full_nonzero,50,156,40,raw_cel_rma,0.9749843652282677,0.9749843652282676,0.975,0.077183323651502,0.9523809523809523,1.0,0.975609756097561,,,,1.0,0.95,0.9743589743589743,,,1.0,1.0,0.015176572133862105,0.95,1.0,0.9523809523809523,1.0
task_c_tumor_vs_adjacent,1,2,nested_selected_policy,5,156,40,raw_cel_rma,1.0,1.0,1.0,0.10232154776133866,1.0,1.0,1.0,,,,1.0,1.0,1.0,,,1.0,1.0,0.012272053850999696,1.0,1.0,1.0,1.0
task_c_tumor_vs_adjacent,1,3,3,3,158,38,raw_cel_rma,1.0,1.0,1.0,0.1380516122124307,1.0,1.0,1.0,,,,1.0,1.0,1.0,,,1.0,0.9999999999999998,0.02045100737203903,1.0,1.0,1.0,1.0
task_c_tumor_vs_adjacent,1,3,5,5,158,38,raw_cel_rma,1.0,1.0,1.0,0.09958269932627854,1.0,1.0,1.0,,,,1.0,1.0,1.0,,,1.0,0.9999999999999998,0.010479437213328682,1.0,1.0,1.0,1.0
task_c_tumor_vs_adjacent,1,3,10,10,158,38,raw_cel_rma,1.0,1.0,1.0,0.07292377025101375,1.0,1.0,1.0,,,,1.0,1.0,1.0,,,1.0,0.9999999999999998,0.005688191738401727,1.0,1.0,1.0,1.0
task_c_tumor_vs_adjacent,1,3,15,15,158,38,raw_cel_rma,1.0,1.0,1.0,0.05961635174277815,1.0,1.0,1.0,,,,1.0,1.0,1.0,,,1.0,0.9999999999999998,0.004036976532730575,1.0,1.0,1.0,1.0
task_c_tumor_vs_adjacent,1,3,20,20,158,38,raw_cel_rma,1.0,1.0,1.0,0.05275638224125845,1.0,1.0,1.0,,,,1.0,1.0,1.0,,,1.0,0.9999999999999998,0.003241055581113938,1.0,1.0,1.0,1.0
task_c_tumor_vs_adjacent,1,3,full_nonzero,20,158,38,raw_cel_rma,1.0,1.0,1.0,0.05275638224125845,1.0,1.0,1.0,,,,1.0,1.0,1.0,,,1.0,0.9999999999999998,0.003241055581113938,1.0,1.0,1.0,1.0
task_c_tumor_vs_adjacent,1,3,nested_selected_policy,3,158,38,raw_cel_rma,1.0,1.0,1.0,0.1380516122124307,1.0,1.0,1.0,,,,1.0,1.0,1.0,,,1.0,0.9999999999999998,0.02045100737203903,1.0,1.0,1.0,1.0
task_c_tumor_vs_adjacent,1,4,3,3,158,38,raw_cel_rma,1.0,1.0,1.0,0.05892086304934827,1.0,1.0,1.0,,,,1.0,1.0,1.0,,,1.0,0.9999999999999998,0.009222986846418807,1.0,1.0,1.0,1.0
task_c_tumor_vs_adjacent,1,4,5,5,158,38,raw_cel_rma,1.0,1.0,1.0,0.03895609355854509,1.0,1.0,1.0,,,,1.0,1.0,1.0,,,1.0,0.9999999999999998,0.0032319372790499926,1.0,1.0,1.0,1.0
task_c_tumor_vs_adjacent,1,4,10,10,158,38,raw_cel_rma,1.0,1.0,1.0,0.03616943806126957,1.0,1.0,1.0,,,,1.0,1.0,1.0,,,1.0,0.9999999999999998,0.0023260163896447663,1.0,1.0,1.0,1.0
task_c_tumor_vs_adjacent,1,4,15,15,158,38,raw_cel_rma,1.0,1.0,1.0,0.03490528157922049,1.0,1.0,1.0,,,,1.0,1.0,1.0,,,1.0,0.9999999999999998,0.002080882466648448,1.0,1.0,1.0,1.0
task_c_tumor_vs_adjacent,1,4,20,20,158,38,raw_cel_rma,1.0,1.0,1.0,0.03545984083233508,1.0,1.0,1.0,,,,1.0,1.0,1.0,,,1.0,0.9999999999999998,0.0021434768451094725,1.0,1.0,1.0,1.0
task_c_tumor_vs_adjacent,1,4,full_nonzero,24,158,38,raw_cel_rma,1.0,1.0,1.0,0.03542664973002787,1.0,1.0,1.0,,,,1.0,1.0,1.0,,,1.0,0.9999999999999998,0.0021570581392548705,1.0,1.0,1.0,1.0
task_c_tumor_vs_adjacent,1,4,nested_selected_policy,3,158,38,raw_cel_rma,1.0,1.0,1.0,0.05892086304934827,1.0,1.0,1.0,,,,1.0,1.0,1.0,,,1.0,0.9999999999999998,0.009222986846418807,1.0,1.0,1.0,1.0
task_c_tumor_vs_adjacent,2,0,3,3,156,40,raw_cel_rma,0.9749843652282677,0.9749843652282676,0.975,0.14264854489326645,0.9523809523809523,1.0,0.975609756097561,,,,1.0,0.95,0.9743589743589743,,,0.9525,0.9756410256410255,0.02691390535356757,0.95,1.0,0.9523809523809523,1.0
task_c_tumor_vs_adjacent,2,0,5,5,156,40,raw_cel_rma,0.9749843652282677,0.9749843652282676,0.975,0.12491563935598386,0.9523809523809523,1.0,0.975609756097561,,,,1.0,0.95,0.9743589743589743,,,0.97,0.98125,0.025327850456307255,0.95,1.0,0.9523809523809523,1.0
task_c_tumor_vs_adjacent,2,0,10,10,156,40,raw_cel_rma,0.9749843652282677,0.9749843652282676,0.975,0.08771288883526684,0.9523809523809523,1.0,0.975609756097561,,,,1.0,0.95,0.9743589743589743,,,1.0,1.0,0.02213304104814578,0.95,1.0,0.9523809523809523,1.0
task_c_tumor_vs_adjacent,2,0,15,15,156,40,raw_cel_rma,0.9749843652282677,0.9749843652282676,0.975,0.0584840577046651,0.9523809523809523,1.0,0.975609756097561,,,,1.0,0.95,0.9743589743589743,,,1.0,1.0,0.015721623963289133,0.95,1.0,0.9523809523809523,1.0
task_c_tumor_vs_adjacent,2,0,20,20,156,40,raw_cel_rma,0.9749843652282677,0.9749843652282676,0.975,0.0610296469648872,0.9523809523809523,1.0,0.975609756097561,,,,1.0,0.95,0.9743589743589743,,,1.0,1.0,0.01696188547358936,0.95,1.0,0.9523809523809523,1.0
task_c_tumor_vs_adjacent,2,0,full_nonzero,39,156,40,raw_cel_rma,0.9749843652282677,0.9749843652282676,0.975,0.059166236104942684,0.9523809523809523,1.0,0.975609756097561,,,,1.0,0.95,0.9743589743589743,,,1.0,1.0,0.01662646917799529,0.95,1.0,0.9523809523809523,1.0
task_c_tumor_vs_adjacent,2,0,nested_selected_policy,3,156,40,raw_cel_rma,0.9749843652282677,0.9749843652282676,0.975,0.14264854489326645,0.9523809523809523,1.0,0.975609756097561,,,,1.0,0.95,0.9743589743589743,,,0.9525,0.9756410256410255,0.02691390535356757,0.95,1.0,0.9523809523809523,1.0
task_c_tumor_vs_adjacent,2,1,3,3,156,40,raw_cel_rma,1.0,1.0,1.0,0.17664742238998046,1.0,1.0,1.0,,,,1.0,1.0,1.0,,,1.0,1.0,0.029238858178021875,1.0,1.0,1.0,1.0
task_c_tumor_vs_adjacent,2,1,5,5,156,40,raw_cel_rma,1.0,1.0,1.0,0.1623360169803324,1.0,1.0,1.0,,,,1.0,1.0,1.0,,,1.0,1.0,0.024868687865730477,1.0,1.0,1.0,1.0
task_c_tumor_vs_adjacent,2,1,10,10,156,40,raw_cel_rma,1.0,1.0,1.0,0.13960685717471272,1.0,1.0,1.0,,,,1.0,1.0,1.0,,,1.0,1.0,0.018015336253767177,1.0,1.0,1.0,1.0
task_c_tumor_vs_adjacent,2,1,15,15,156,40,raw_cel_rma,1.0,1.0,1.0,0.13527579726833022,1.0,1.0,1.0,,,,1.0,1.0,1.0,,,1.0,1.0,0.01690956176747383,1.0,1.0,1.0,1.0
task_c_tumor_vs_adjacent,2,1,20,19,156,40,raw_cel_rma,1.0,1.0,1.0,0.13551071398718553,1.0,1.0,1.0,,,,1.0,1.0,1.0,,,1.0,1.0,0.01696430209667136,1.0,1.0,1.0,1.0
task_c_tumor_vs_adjacent,2,1,full_nonzero,19,156,40,raw_cel_rma,1.0,1.0,1.0,0.13551071398718553,1.0,1.0,1.0,,,,1.0,1.0,1.0,,,1.0,1.0,0.01696430209667136,1.0,1.0,1.0,1.0
task_c_tumor_vs_adjacent,2,1,nested_selected_policy,3,156,40,raw_cel_rma,1.0,1.0,1.0,0.17664742238998046,1.0,1.0,1.0,,,,1.0,1.0,1.0,,,1.0,1.0,0.029238858178021875,1.0,1.0,1.0,1.0
task_c_tumor_vs_adjacent,2,2,3,3,156,40,raw_cel_rma,1.0,1.0,1.0,0.16254276616955438,1.0,1.0,1.0,,,,1.0,1.0,1.0,,,1.0,1.0,0.0289393034509959,1.0,1.0,1.0,1.0
task_c_tumor_vs_adjacent,2,2,5,5,156,40,raw_cel_rma,1.0,1.0,1.0,0.12455833449201512,1.0,1.0,1.0,,,,1.0,1.0,1.0,,,1.0,1.0,0.018669495974205016,1.0,1.0,1.0,1.0
task_c_tumor_vs_adjacent,2,2,10,10,156,40,raw_cel_rma,1.0,1.0,1.0,0.09016806385490209,1.0,1.0,1.0,,,,1.0,1.0,1.0,,,1.0,1.0,0.013327307689688771,1.0,1.0,1.0,1.0
task_c_tumor_vs_adjacent,2,2,15,15,156,40,raw_cel_rma,0.949874686716792,0.949874686716792,0.95,0.09191226556757151,0.9090909090909091,1.0,0.9523809523809523,,,,1.0,0.9,0.9473684210526315,,,1.0,1.0,0.017642569134840733,0.9,1.0,0.9090909090909091,1.0
task_c_tumor_vs_adjacent,2,2,20,20,156,40,raw_cel_rma,0.949874686716792,0.949874686716792,0.95,0.09398122766950422,0.9090909090909091,1.0,0.9523809523809523,,,,1.0,0.9,0.9473684210526315,,,1.0,1.0,0.02038191799892568,0.9,1.0,0.9090909090909091,1.0
task_c_tumor_vs_adjacent,2,2,full_nonzero,20,156,40,raw_cel_rma,0.949874686716792,0.949874686716792,0.95,0.09398122766950422,0.9090909090909091,1.0,0.9523809523809523,,,,1.0,0.9,0.9473684210526315,,,1.0,1.0,0.02038191799892568,0.9,1.0,0.9090909090909091,1.0
task_c_tumor_vs_adjacent,2,2,nested_selected_policy,5,156,40,raw_cel_rma,1.0,1.0,1.0,0.12455833449201512,1.0,1.0,1.0,,,,1.0,1.0,1.0,,,1.0,1.0,0.018669495974205016,1.0,1.0,1.0,1.0
task_c_tumor_vs_adjacent,2,3,3,3,158,38,raw_cel_rma,1.0,1.0,1.0,0.12049954343639406,1.0,1.0,1.0,,,,1.0,1.0,1.0,,,1.0,0.9999999999999998,0.016013086286585352,1.0,1.0,1.0,1.0
task_c_tumor_vs_adjacent,2,3,5,5,158,38,raw_cel_rma,1.0,1.0,1.0,0.0990236274660052,1.0,1.0,1.0,,,,1.0,1.0,1.0,,,1.0,0.9999999999999998,0.012142667856587642,1.0,1.0,1.0,1.0
task_c_tumor_vs_adjacent,2,3,10,10,158,38,raw_cel_rma,1.0,1.0,1.0,0.08673853404323854,1.0,1.0,1.0,,,,1.0,1.0,1.0,,,1.0,0.9999999999999998,0.01158434822864884,1.0,1.0,1.0,1.0
task_c_tumor_vs_adjacent,2,3,15,15,158,38,raw_cel_rma,0.9736659736659736,0.9736659736659735,0.9736842105263157,0.08835194523794153,1.0,0.9473684210526315,0.972972972972973,,,,0.95,1.0,0.9743589743589743,,,1.0,0.9999999999999998,0.015014901048340617,1.0,0.9473684210526315,1.0,0.95
task_c_tumor_vs_adjacent,2,3,20,20,158,38,raw_cel_rma,0.9736659736659736,0.9736659736659735,0.9736842105263157,0.08516558424939767,1.0,0.9473684210526315,0.972972972972973,,,,0.95,1.0,0.9743589743589743,,,1.0,0.9999999999999998,0.015302019474093782,1.0,0.9473684210526315,1.0,0.95
task_c_tumor_vs_adjacent,2,3,full_nonzero,20,158,38,raw_cel_rma,0.9736659736659736,0.9736659736659735,0.9736842105263157,0.08516558424939767,1.0,0.9473684210526315,0.972972972972973,,,,0.95,1.0,0.9743589743589743,,,1.0,0.9999999999999998,0.015302019474093782,1.0,0.9473684210526315,1.0,0.95
task_c_tumor_vs_adjacent,2,3,nested_selected_policy,3,158,38,raw_cel_rma,1.0,1.0,1.0,0.12049954343639406,1.0,1.0,1.0,,,,1.0,1.0,1.0,,,1.0,0.9999999999999998,0.016013086286585352,1.0,1.0,1.0,1.0
task_c_tumor_vs_adjacent,2,4,3,3,158,38,raw_cel_rma,1.0,1.0,1.0,0.1497135900878601,1.0,1.0,1.0,,,,1.0,1.0,1.0,,,1.0,0.9999999999999998,0.024963184545433365,1.0,1.0,1.0,1.0
task_c_tumor_vs_adjacent,2,4,5,5,158,38,raw_cel_rma,1.0,1.0,1.0,0.11790051972335851,1.0,1.0,1.0,,,,1.0,1.0,1.0,,,1.0,0.9999999999999998,0.016577854607660418,1.0,1.0,1.0,1.0
task_c_tumor_vs_adjacent,2,4,10,10,158,38,raw_cel_rma,1.0,1.0,1.0,0.08081380617751595,1.0,1.0,1.0,,,,1.0,1.0,1.0,,,1.0,0.9999999999999998,0.008296931848589881,1.0,1.0,1.0,1.0
task_c_tumor_vs_adjacent,2,4,15,15,158,38,raw_cel_rma,1.0,1.0,1.0,0.06970356893115792,1.0,1.0,1.0,,,,1.0,1.0,1.0,,,1.0,0.9999999999999998,0.00709424879872622,1.0,1.0,1.0,1.0
task_c_tumor_vs_adjacent,2,4,20,20,158,38,raw_cel_rma,1.0,1.0,1.0,0.06614229737443171,1.0,1.0,1.0,,,,1.0,1.0,1.0,,,1.0,0.9999999999999998,0.007166781953293365,1.0,1.0,1.0,1.0
task_c_tumor_vs_adjacent,2,4,full_nonzero,20,158,38,raw_cel_rma,1.0,1.0,1.0,0.06614229737443171,1.0,1.0,1.0,,,,1.0,1.0,1.0,,,1.0,0.9999999999999998,0.007166781953293365,1.0,1.0,1.0,1.0
task_c_tumor_vs_adjacent,2,4,nested_selected_policy,3,158,38,raw_cel_rma,1.0,1.0,1.0,0.1497135900878601,1.0,1.0,1.0,,,,1.0,1.0,1.0,,,1.0,0.9999999999999998,0.024963184545433365,1.0,1.0,1.0,1.0
