task,model,metric,mean,median,standard_deviation,ci_lower,ci_upper,bootstrap_iterations,analysis_provenance
task_a_three_class,elastic_net,f1_macro,0.9580989013231003,0.9593897984098185,0.013782099787987789,0.9291432710348121,0.982001530880431,1000,raw_cel_rma
task_a_three_class,linear_svm,f1_macro,0.9728242450018543,0.973218564730863,0.011288081815648218,0.9497764050260648,0.9940585447449123,1000,raw_cel_rma
task_a_three_class,random_forest,f1_macro,0.9571001659626718,0.9578265361832992,0.014068749154816899,0.9258209423636923,0.9837360617642803,1000,raw_cel_rma
task_b_field_effect,elastic_net,f1_macro,0.9923634860541527,0.9926202941909749,0.0076760900024926354,0.9758917380189536,1.0,1000,raw_cel_rma
task_b_field_effect,linear_svm,f1_macro,1.0,1.0,0.0,1.0,1.0,1000,raw_cel_rma
task_b_field_effect,random_forest,f1_macro,0.9923634860541527,0.9926202941909749,0.0076760900024926354,0.9758917380189536,1.0,1000,raw_cel_rma
task_c_tumor_vs_adjacent,elastic_net,f1_macro,0.9848035724002372,0.9846902908324003,0.009010943054166103,0.9642401021711366,1.0,1000,raw_cel_rma
task_c_tumor_vs_adjacent,linear_svm,f1_macro,0.9897110602524665,0.9897948557742373,0.007549129256221913,0.9744731838191243,1.0,1000,raw_cel_rma
task_c_tumor_vs_adjacent,random_forest,f1_macro,0.9898541829712715,0.9897948557742373,0.007263298894955,0.9744731838191243,1.0,1000,raw_cel_rma
