"analysis_set","comparison","direction","evidence_tier","analysis_type","database","ontology","ID","Description","GeneRatio","BgRatio","p_value","adjusted_p_value","q_value","gene_ids","gene_count","enrichment_score","normalized_enrichment_score","set_size","redundancy_pruned","interpretation","analysis_provenance"
"high_confidence_field_up","adjacent_vs_healthy_u1","up","high_confidence","over_representation","Reactome","Pathway","R-HSA-1474244","Extracellular matrix organization","17/47","313/10634",7.48381519161281e-15,2.454691382849e-12,2.11122365405498e-12,"HTRA1/COL6A3/MMP2/LAMC1/FN1/PXDN/COL1A2/VCAN/CTSK/SPARC/EFEMP2/COL4A1/TIMP1/ASPN/COL15A1/SPP1/TNC",17,NA,NA,NA,FALSE,"association-level pathway result; not causal or cell-intrinsic evidence","raw_cel_rma_tier_specific_enrichment"
"high_confidence_field_up","adjacent_vs_healthy_u1","up","high_confidence","over_representation","Reactome","Pathway","R-HSA-1474228","Degradation of the extracellular matrix","11/47","136/10634",1.17103190331043e-11,1.92049232142911e-09,1.6517713162484e-09,"HTRA1/COL6A3/MMP2/LAMC1/FN1/COL1A2/CTSK/COL4A1/TIMP1/COL15A1/SPP1",11,NA,NA,NA,FALSE,"association-level pathway result; not causal or cell-intrinsic evidence","raw_cel_rma_tier_specific_enrichment"
"high_confidence_field_up","adjacent_vs_healthy_u1","up","high_confidence","over_representation","Reactome","Pathway","R-HSA-3000178","ECM proteoglycans","9/47","73/10634",2.25282247113448e-11,2.4630859017737e-09,2.11844358689137e-09,"COL6A3/LAMC1/FN1/COL1A2/VCAN/SPARC/COL4A1/ASPN/TNC",9,NA,NA,NA,FALSE,"association-level pathway result; not causal or cell-intrinsic evidence","raw_cel_rma_tier_specific_enrichment"
"high_confidence_field_up","adjacent_vs_healthy_u1","up","high_confidence","over_representation","Reactome","Pathway","R-HSA-381426","Regulation of Insulin-like Growth Factor (IGF) transport and uptake by Insulin-like Growth Factor Binding Proteins (IGFBPs)","8/47","121/10634",4.83084535819232e-08,3.9612931937177e-06,3.40701725261984e-06,"MMP2/LAMC1/FN1/IGFBP5/VCAN/TIMP1/SPP1/TNC",8,NA,NA,NA,FALSE,"association-level pathway result; not causal or cell-intrinsic evidence","raw_cel_rma_tier_specific_enrichment"
"high_confidence_field_up","adjacent_vs_healthy_u1","up","high_confidence","over_representation","Reactome","Pathway","R-HSA-1442490","Collagen degradation","6/47","63/10634",3.01171542151967e-07,1.85910199259169e-05,1.59897090505319e-05,"COL6A3/MMP2/COL1A2/CTSK/COL4A1/COL15A1",6,NA,NA,NA,FALSE,"association-level pathway result; not causal or cell-intrinsic evidence","raw_cel_rma_tier_specific_enrichment"
"high_confidence_field_up","adjacent_vs_healthy_u1","up","high_confidence","over_representation","Reactome","Pathway","R-HSA-8957275","Post-translational protein phosphorylation","7/47","105/10634",3.40079632791163e-07,1.85910199259169e-05,1.59897090505319e-05,"LAMC1/FN1/IGFBP5/VCAN/TIMP1/SPP1/TNC",7,NA,NA,NA,FALSE,"association-level pathway result; not causal or cell-intrinsic evidence","raw_cel_rma_tier_specific_enrichment"
"high_confidence_field_up","adjacent_vs_healthy_u1","up","high_confidence","over_representation","Reactome","Pathway","R-HSA-216083","Integrin cell surface interactions","6/47","83/10634",1.56573848040569e-06,7.33660316532951e-05,6.3100438007327e-05,"COL6A3/FN1/COL1A2/COL4A1/SPP1/TNC",6,NA,NA,NA,FALSE,"association-level pathway result; not causal or cell-intrinsic evidence","raw_cel_rma_tier_specific_enrichment"
"high_confidence_field_up","adjacent_vs_healthy_u1","up","high_confidence","over_representation","Reactome","Pathway","R-HSA-2022090","Assembly of collagen fibrils and other multimeric structures","5/47","61/10634",6.70172713260364e-06,0.000274770812436749,0.000236324062044444,"COL6A3/PXDN/COL1A2/COL4A1/COL15A1",5,NA,NA,NA,FALSE,"association-level pathway result; not causal or cell-intrinsic evidence","raw_cel_rma_tier_specific_enrichment"
"high_confidence_field_up","adjacent_vs_healthy_u1","up","high_confidence","over_representation","Reactome","Pathway","R-HSA-3000171","Non-integrin membrane-ECM interactions","5/47","78/10634",2.24862631257949e-05,0.000819499367251193,0.000704832575171116,"LAMC1/FN1/COL1A2/COL4A1/TNC",5,NA,NA,NA,FALSE,"association-level pathway result; not causal or cell-intrinsic evidence","raw_cel_rma_tier_specific_enrichment"
"high_confidence_field_up","adjacent_vs_healthy_u1","up","high_confidence","over_representation","Reactome","Pathway","R-HSA-8948216","Collagen chain trimerization","4/47","44/10634",3.99464782853626e-05,0.00131024448775989,0.00112691117689234,"COL6A3/COL1A2/COL4A1/COL15A1",4,NA,NA,NA,FALSE,"association-level pathway result; not causal or cell-intrinsic evidence","raw_cel_rma_tier_specific_enrichment"
"high_confidence_field_up","adjacent_vs_healthy_u1","up","high_confidence","over_representation","Reactome","Pathway","R-HSA-1474290","Collagen formation","5/47","90/10634",4.49979229081294e-05,0.00134175624671513,0.00115401371668696,"COL6A3/PXDN/COL1A2/COL4A1/COL15A1",5,NA,NA,NA,FALSE,"association-level pathway result; not causal or cell-intrinsic evidence","raw_cel_rma_tier_specific_enrichment"
"high_confidence_field_up","adjacent_vs_healthy_u1","up","high_confidence","over_representation","Reactome","Pathway","R-HSA-2243919","Crosslinking of collagen fibrils","3/47","18/10634",6.30313791309919e-05,0.00172285769624711,0.00148179031641279,"PXDN/COL1A2/COL4A1",3,NA,NA,NA,FALSE,"association-level pathway result; not causal or cell-intrinsic evidence","raw_cel_rma_tier_specific_enrichment"
"high_confidence_field_up","adjacent_vs_healthy_u1","up","high_confidence","over_representation","Reactome","Pathway","R-HSA-6785807","Interleukin-4 and Interleukin-13 signaling","5/47","107/10634",0.000102919709977966,0.00259674345175175,0.00223339937442064,"MMP2/FN1/COL1A2/SOCS3/TIMP1",5,NA,NA,NA,FALSE,"association-level pathway result; not causal or cell-intrinsic evidence","raw_cel_rma_tier_specific_enrichment"
"high_confidence_field_up","adjacent_vs_healthy_u1","up","high_confidence","over_representation","Reactome","Pathway","R-HSA-186797","Signaling by PDGF","4/47","58/10634",0.000119323232737755,0.00279557288128455,0.00240440799802394,"COL6A3/THBS2/COL4A1/SPP1",4,NA,NA,NA,FALSE,"association-level pathway result; not causal or cell-intrinsic evidence","raw_cel_rma_tier_specific_enrichment"
"high_confidence_field_up","adjacent_vs_healthy_u1","up","high_confidence","over_representation","Reactome","Pathway","R-HSA-3000170","Syndecan interactions","3/47","26/10634",0.000195913899714541,0.00428398394042462,0.00368455614901732,"FN1/COL1A2/TNC",3,NA,NA,NA,FALSE,"association-level pathway result; not causal or cell-intrinsic evidence","raw_cel_rma_tier_specific_enrichment"
"high_confidence_field_up","adjacent_vs_healthy_u1","up","high_confidence","over_representation","Reactome","Pathway","R-HSA-1650814","Collagen biosynthesis and modifying enzymes","4/47","67/10634",0.000209391447858563,0.00429252468110053,0.00369190184382203,"COL6A3/COL1A2/COL4A1/COL15A1",4,NA,NA,NA,FALSE,"association-level pathway result; not causal or cell-intrinsic evidence","raw_cel_rma_tier_specific_enrichment"
"high_confidence_field_up","adjacent_vs_healthy_u1","up","high_confidence","over_representation","Reactome","Pathway","R-HSA-1592389","Activation of Matrix Metalloproteinases","3/47","29/10634",0.000272786556499255,0.00526317591363268,0.00452673666512696,"MMP2/CTSK/TIMP1",3,NA,NA,NA,FALSE,"association-level pathway result; not causal or cell-intrinsic evidence","raw_cel_rma_tier_specific_enrichment"
"high_confidence_field_up","adjacent_vs_healthy_u1","up","high_confidence","over_representation","Reactome","Pathway","R-HSA-8874081","MET activates PTK2 signaling","3/47","30/10634",0.000302158627516534,0.00550600165696796,0.00473558550727668,"LAMC1/FN1/COL1A2",3,NA,NA,NA,FALSE,"association-level pathway result; not causal or cell-intrinsic evidence","raw_cel_rma_tier_specific_enrichment"
"high_confidence_field_up","adjacent_vs_healthy_u1","up","high_confidence","over_representation","Reactome","Pathway","R-HSA-449147","Signaling by Interleukins","8/47","437/10634",0.000584810644875296,0.0100956785010051,0.00868306109842545,"JUN/MMP2/FN1/COL1A2/IL33/SOCS3/TIMP1/CCL20",8,NA,NA,NA,FALSE,"association-level pathway result; not causal or cell-intrinsic evidence","raw_cel_rma_tier_specific_enrichment"
"high_confidence_field_up","adjacent_vs_healthy_u1","up","high_confidence","over_representation","Reactome","Pathway","R-HSA-2173782","Binding and Uptake of Ligands by Scavenger Receptors","3/47","40/10634",0.000712888591192469,0.0116913728955565,0.0100554811810306,"COL1A2/SPARC/COL4A1",3,NA,NA,NA,FALSE,"association-level pathway result; not causal or cell-intrinsic evidence","raw_cel_rma_tier_specific_enrichment"
"high_confidence_field_up","adjacent_vs_healthy_u1","up","high_confidence","over_representation","Reactome","Pathway","R-HSA-8875878","MET promotes cell motility","3/47","41/10634",0.000766793701280075,0.0119765873342793,0.0103007875660682,"LAMC1/FN1/COL1A2",3,NA,NA,NA,FALSE,"association-level pathway result; not causal or cell-intrinsic evidence","raw_cel_rma_tier_specific_enrichment"
"high_confidence_field_up","adjacent_vs_healthy_u1","up","high_confidence","over_representation","Reactome","Pathway","R-HSA-9925563","Developmental Lineage of Pancreatic Ductal Cells","3/47","47/10634",0.00114493795122662,0.017069984000106,0.0146815010013749,"LAMC1/FN1/COL1A2",3,NA,NA,NA,FALSE,"association-level pathway result; not causal or cell-intrinsic evidence","raw_cel_rma_tier_specific_enrichment"
"high_confidence_field_up","adjacent_vs_healthy_u1","up","high_confidence","over_representation","Reactome","Pathway","R-HSA-2214320","Anchoring fibril formation","2/47","15/10634",0.00193538153921617,0.0274663555029714,0.0236231812413233,"COL1A2/COL4A1",2,NA,NA,NA,FALSE,"association-level pathway result; not causal or cell-intrinsic evidence","raw_cel_rma_tier_specific_enrichment"
"high_confidence_field_up","adjacent_vs_healthy_u1","up","high_confidence","over_representation","Reactome","Pathway","R-HSA-114608","Platelet degranulation","4/47","122/10634",0.00200973332948571,0.0274663555029714,0.0236231812413233,"TIMP3/FN1/SPARC/TIMP1",4,NA,NA,NA,FALSE,"association-level pathway result; not causal or cell-intrinsic evidence","raw_cel_rma_tier_specific_enrichment"
"high_confidence_field_up","adjacent_vs_healthy_u1","up","high_confidence","over_representation","Reactome","Pathway","R-HSA-399956","CRMPs in Sema3A signaling","2/47","16/10634",0.00220564659557799,0.0289380833339833,0.0248889805311538,"SEMA3A/DPYSL3",2,NA,NA,NA,FALSE,"association-level pathway result; not causal or cell-intrinsic evidence","raw_cel_rma_tier_specific_enrichment"
"high_confidence_field_up","adjacent_vs_healthy_u1","up","high_confidence","over_representation","Reactome","Pathway","R-HSA-76005","Response to elevated platelet cytosolic Ca2+","4/47","127/10634",0.00232695348393734,0.0293554131819788,0.0252479163439356,"TIMP3/FN1/SPARC/TIMP1",4,NA,NA,NA,FALSE,"association-level pathway result; not causal or cell-intrinsic evidence","raw_cel_rma_tier_specific_enrichment"
"high_confidence_field_up","adjacent_vs_healthy_u1","up","high_confidence","over_representation","Reactome","Pathway","R-HSA-3000480","Scavenging by Class A Receptors","2/47","19/10634",0.00311662874689147,0.0378612677400149,0.0325636064002696,"COL1A2/COL4A1",2,NA,NA,NA,FALSE,"association-level pathway result; not causal or cell-intrinsic evidence","raw_cel_rma_tier_specific_enrichment"
"high_confidence_field_up","adjacent_vs_healthy_u1","up","high_confidence","over_representation","Reactome","Pathway","R-HSA-9009391","Extra-nuclear estrogen signaling","3/47","72/10634",0.00389860698451369,0.0456693961043032,0.0392791981898372,"MMP2/S1PR3/AREG",3,NA,NA,NA,FALSE,"association-level pathway result; not causal or cell-intrinsic evidence","raw_cel_rma_tier_specific_enrichment"
